X2313287_STOMACH..ACH.000948.	-9	-9	-9	-9	-9	-9	-9	-9	-9	-9	-9	-9	-9	-9	-9	-9	-9	-9	-9	-9	-9	-9	-9	-9	STOMACH
X253JBV_URINARY_TRACT..ACH.000026.	-9	-9	-9	-9	-9	-9	-9	-9	-9	-9	-9	-9	-9	-9	-9	-9	-9	-9	-9	-9	-9	-9	-9	-9	URINARY_TRACT
X253J_URINARY_TRACT..ACH.000011.	-9	-9	-9	-9	-9	-9	-9	-9	-9	-9	-9	-9	-9	-9	-9	-9	-9	-9	-9	-9	-9	-9	-9	-9	URINARY_TRACT
X42MGBA_CENTRAL_NERVOUS_SYSTEM..ACH.000323.	5.0587	1.1852	1.9068	1.3092	0.8748	-9	1.1448	0.6577	1.3794	-9	0.8625	5.9528	4.3045	1.294	-9	0.9563	1.0796	1.4854	-9	1.1898	1.7799	1.8371	5.2619	2.8994	CENTRAL_NERVOUS_SYSTEM
X5637_URINARY_TRACT..ACH.000905.	3.535	0.9948	0.8491	0.5872	1.92	3.3621	0.1657	1.089	0.2789	0.5269	0	7.0226	3.6088	0.9413	0	0.1933	0	0.5155	1.6212	0.7932	1.1746	0.6844	3.4983	0.8562	URINARY_TRACT
X59M_OVARY..ACH.000520.	-9	-9	-9	-9	-9	-9	-9	-9	-9	-9	-9	-9	-9	-9	-9	-9	-9	-9	-9	-9	-9	-9	-9	-9	OVARY
X639V_URINARY_TRACT..ACH.000973.	3.782	1.5436	1.2147	1.1495	0.2919	4.5677	0.3791	0.1402	0.0185	0.5869	0.2235	5.5687	4.0279	2.221	0.7454	0.9721	0.3701	0.07659	1.2339	0.4203	1.3417	1.3518	4.4574	1.7839	URINARY_TRACT
X647V_URINARY_TRACT..ACH.000896.	-9	-9	-9	-9	-9	-9	-9	-9	-9	-9	-9	-9	-9	-9	-9	-9	-9	-9	-9	-9	-9	-9	-9	-9	URINARY_TRACT
X697_HAEMATOPOIETIC_AND_LYMPHOID_TISSUE..ACH.000070.	3.6605	1.7665	1.8525	2.5412	1.6441	5.5188	3.6396	1.5649	1.4433	2.1147	2.772	7.7957	5.983	2.5862	2.4569	2.0731	1.8775	1.5218	3.4219	1.8187	3.2246	2.6279	5.3689	2.0536	HAEMATOPOIETIC_AND_LYMPHOID_TISSUE
X769P_KIDNEY..ACH.000411.	2.9596	1.4376	2.1677	0.6281	1.8863	1.8827	0.06305	1.5596	0.642	0.7575	0.7115	4.0875	3.5201	1.9489	0.9353	0.2945	0.669	0.338	2.1399	0.1058	0.7222	0.9248	3.1708	1.2662	KIDNEY
X786O_KIDNEY..ACH.000649.	3.3045	0.5954	0.4241	0.3118	0.08267	3.0887	0	1.0403	0.005701	0.5356	0.04249	3.5178	3.109	1.0241	0	0.5546	0.361	-9	1.4951	0.552	0.5023	0.847	3.3734	-9	KIDNEY
X8MGBA_CENTRAL_NERVOUS_SYSTEM..ACH.000137.	3.5825	1.5025	1.186	0.1191	0.5181	-9	0.118	0.7194	4.983	-9	0.8426	6.9527	3.9825	0.5292	-9	0.5288	2.5567	0.2288	-9	0.1737	1.5204	1.6828	3.6427	1.6647	CENTRAL_NERVOUS_SYSTEM
A101D_SKIN..ACH.000008.	-9	-9	-9	-9	-9	-9	-9	-9	-9	-9	-9	-9	-9	-9	-9	-9	-9	-9	-9	-9	-9	-9	-9	-9	SKIN
A1207_CENTRAL_NERVOUS_SYSTEM..ACH.000283.	-9	-9	-9	-9	-9	-9	-9	-9	-9	-9	-9	-9	-9	-9	-9	-9	-9	-9	-9	-9	-9	-9	-9	-9	CENTRAL_NERVOUS_SYSTEM
A172_CENTRAL_NERVOUS_SYSTEM..ACH.000558.	2.4662	0.3615	0.2508	0.2375	0.08293	2.5153	0.03331	0	0.09733	0	0.2102	4.6157	4.0075	0.5436	0	0.4959	0.08666	0.01494	1.3704	0.2818	1.4006	1.1598	2.649	1.0122	CENTRAL_NERVOUS_SYSTEM
A204_SOFT_TISSUE..ACH.000201.	3.5747	0.5525	0.714	0.117	0.3697	2.8739	0.293	0.3485	0.3017	1.727	0.364	4.3533	3.6206	0.5889	0.8348	0.5515	0.6474	0.05216	2.2706	2.0935	1.2913	2.2652	2.586	0.968	SOFT_TISSUE
A2058_SKIN..ACH.000788.	4.747	1.0006	0.793	1.8154	0	3.5949	0.06193	0.1202	1.1989	0.02046	0.1101	7.1679	4.3673	2.4465	0	0.5221	0.2003	0.7129	0.9206	0.05127	0.8825	0.858	3.1484	1.3466	SKIN
A2780_OVARY..ACH.000657.	4.7559	0.6674	0.3709	2.5348	0.2241	4.4446	0.7732	0.6209	0.3406	0.4157	0.9955	6.5225	4.5095	3.6018	0.6759	1.3639	0.03508	0.3847	2.0551	0.9908	1.9146	1.8416	4.6525	1.3352	OVARY
A375_SKIN..ACH.000219.	3.5625	1.4484	0.9057	3.2996	0.2889	3.9345	0.02134	0.1527	0.09724	0.521	0.4491	6.0932	4.6373	4.8148	0.1961	0.7175	0.4121	2.9645	2.2543	0.6118	1.8735	1.0899	3.2038	0.8069	SKIN
A3KAW_HAEMATOPOIETIC_AND_LYMPHOID_TISSUE..ACH.000697.	-9	-9	-9	-9	-9	-9	-9	-9	-9	-9	-9	-9	-9	-9	-9	-9	-9	-9	-9	-9	-9	-9	-9	-9	HAEMATOPOIETIC_AND_LYMPHOID_TISSUE
A427_LUNG..ACH.000757.	-9	-9	-9	-9	-9	-9	-9	-9	-9	-9	-9	-9	-9	-9	-9	-9	-9	-9	-9	-9	-9	-9	-9	-9	LUNG
A498_KIDNEY..ACH.000555.	-9	-9	-9	-9	-9	-9	-9	-9	-9	-9	-9	-9	-9	-9	-9	-9	-9	-9	-9	-9	-9	-9	-9	-9	KIDNEY
A4FUK_HAEMATOPOIETIC_AND_LYMPHOID_TISSUE..ACH.000157.	-9	-9	-9	-9	-9	-9	-9	-9	-9	-9	-9	-9	-9	-9	-9	-9	-9	-9	-9	-9	-9	-9	-9	-9	HAEMATOPOIETIC_AND_LYMPHOID_TISSUE
A549_LUNG..ACH.000681.	2.9712	1.6406	0.4962	1.8637	0.4884	1.7063	0	0.6707	0.2759	0.6661	0.4832	4.9753	3.6981	3.1106	0.2405	0.4691	0.08954	0	1.4266	0.6549	1.3264	1.2616	1.8717	0.4353	LUNG
A673_BONE..ACH.000052.	3.6758	1.599	0.9435	1.3769	0.1029	-9	0.2549	0.005817	1.0647	-9	0.5932	7.0239	4.71	0.6163	0.2491	1.6086	0.1048	0.7895	1.9556	0.3025	1.734	0.7322	5.4861	1.4081	BONE
A704_KIDNEY..ACH.000429.	-9	-9	-9	-9	-9	-9	-9	-9	-9	-9	-9	-9	-9	-9	-9	-9	-9	-9	-9	-9	-9	-9	-9	-9	KIDNEY
ABC1_LUNG..ACH.000528.	-9	-9	-9	-9	-9	-9	-9	-9	-9	-9	-9	-9	-9	-9	-9	-9	-9	-9	-9	-9	-9	-9	-9	-9	LUNG
ACHN_KIDNEY..ACH.000046.	2.0636	0.6207	1.2189	0.6881	1.2474	-9	0	0.8437	0.4928	-9	0.4761	3.9915	4.5464	1.2671	-9	0.4836	0.1702	0.3817	2.388	0.6473	0.9626	0.95	3.7264	1.8791	KIDNEY
AGS_STOMACH..ACH.000880.	-9	-9	-9	-9	-9	-9	-9	-9	-9	-9	-9	-9	-9	-9	-9	-9	-9	-9	-9	-9	-9	-9	-9	-9	STOMACH
ALLSIL_HAEMATOPOIETIC_AND_LYMPHOID_TISSUE..ACH.000105.	3.2142	1.8822	4.0457	1.2336	1.0818	5.8889	2.1997	1.1767	1.1325	7.0051	1.5865	6.7188	6.3121	1.7295	0.7632	3.0952	1.7146	1.0265	2.4329	2.1035	2.8218	2.0343	6.526	3.0741	HAEMATOPOIETIC_AND_LYMPHOID_TISSUE
AM38_CENTRAL_NERVOUS_SYSTEM..ACH.000269.	-9	-9	-9	-9	-9	-9	-9	-9	-9	-9	-9	-9	-9	-9	-9	-9	-9	-9	-9	-9	-9	-9	-9	-9	CENTRAL_NERVOUS_SYSTEM
AML193_HAEMATOPOIETIC_AND_LYMPHOID_TISSUE..ACH.000557.	-9	-9	-9	-9	-9	-9	-9	-9	-9	-9	-9	-9	-9	-9	-9	-9	-9	-9	-9	-9	-9	-9	-9	-9	HAEMATOPOIETIC_AND_LYMPHOID_TISSUE
AMO1_HAEMATOPOIETIC_AND_LYMPHOID_TISSUE..ACH.000838.	5.2887	2.8999	0.3323	1.6147	1.0362	3.7332	1.279	1.233	0.5586	1.5625	1.1689	6.5985	5.9291	2.9921	0.6168	1.3265	1.0553	0.4187	1.805	0.9786	3.1165	1.5766	4.6146	1.295	HAEMATOPOIETIC_AND_LYMPHOID_TISSUE
AN3CA_ENDOMETRIUM..ACH.000940.	4.0092	0.3505	0.4755	0.6207	0.3018	-9	0.09343	0	0.7078	0.1972	0.8132	5.5767	3.5863	0.7369	0.6144	0.02807	0.5684	0.3717	1.095	0.1933	0.2236	1.06	1.4581	1.8901	ENDOMETRIUM
ASPC1_PANCREAS..ACH.000222.	3.4197	1.3966	0.6383	2.1312	0.2484	2.2418	0.1851	0.411	0.4818	0.2155	0.02477	4.0922	4.1905	2.611	0	0.6001	0.2758	0.2848	1.5547	0.4228	1.4991	0.5118	1.5994	1.1518	PANCREAS
AU565_BREAST..ACH.000248.	4.2668	0.7651	0.2328	0.09979	0.491	-9	0.8391	3.5677	0.7937	0.873	0.1964	6.6977	5.0888	0.04551	0.9007	0.7979	0.3374	0.6038	1.5268	0.6273	0.1526	0.7107	3.8426	1.1876	BREAST
BC3C_URINARY_TRACT..ACH.000593.	-9	-9	-9	-9	-9	-9	-9	-9	-9	-9	-9	-9	-9	-9	-9	-9	-9	-9	-9	-9	-9	-9	-9	-9	URINARY_TRACT
BCP1_HAEMATOPOIETIC_AND_LYMPHOID_TISSUE..ACH.000923.	-9	-9	-9	-9	-9	-9	-9	-9	-9	-9	-9	-9	-9	-9	-9	-9	-9	-9	-9	-9	-9	-9	-9	-9	HAEMATOPOIETIC_AND_LYMPHOID_TISSUE
BDCM_HAEMATOPOIETIC_AND_LYMPHOID_TISSUE..ACH.000080.	3.8043	0.3316	1.9092	1.4573	0	-9	0	0	0.2428	0	0.1665	6.3787	3.844	2.3201	0.8172	0	0.03856	0.2138	0.6449	0.2804	0.175	0.6067	3.7961	2.0069	HAEMATOPOIETIC_AND_LYMPHOID_TISSUE
BEN_LUNG..ACH.000603.	-9	-9	-9	-9	-9	-9	-9	-9	-9	-9	-9	-9	-9	-9	-9	-9	-9	-9	-9	-9	-9	-9	-9	-9	LUNG
BFTC905_URINARY_TRACT..ACH.000802.	-9	-9	-9	-9	-9	-9	-9	-9	-9	-9	-9	-9	-9	-9	-9	-9	-9	-9	-9	-9	-9	-9	-9	-9	URINARY_TRACT
BFTC909_KIDNEY..ACH.000792.	3.6219	0.898	0.2464	0.3552	0.04175	-9	0.1492	0.1757	0.4923	0.00241	0.01861	5.1868	4.0883	0.8653	0.2396	0.4398	0.1644	0.1107	0.6164	-9	0.6489	1.2289	3.1375	0.8398	KIDNEY
BHY_UPPER_AERODIGESTIVE_TRACT..ACH.000548.	-9	-9	-9	-9	-9	-9	-9	-9	-9	-9	-9	-9	-9	-9	-9	-9	-9	-9	-9	-9	-9	-9	-9	-9	UPPER_AERODIGESTIVE_TRACT
BICR16_UPPER_AERODIGESTIVE_TRACT..ACH.000503.	-9	-9	-9	-9	-9	-9	-9	-9	-9	-9	-9	-9	-9	-9	-9	-9	-9	-9	-9	-9	-9	-9	-9	-9	UPPER_AERODIGESTIVE_TRACT
BICR18_UPPER_AERODIGESTIVE_TRACT..ACH.000992.	-9	-9	-9	-9	-9	-9	-9	-9	-9	-9	-9	-9	-9	-9	-9	-9	-9	-9	-9	-9	-9	-9	-9	-9	UPPER_AERODIGESTIVE_TRACT
BICR22_UPPER_AERODIGESTIVE_TRACT..ACH.000794.	-9	-9	-9	-9	-9	-9	-9	-9	-9	-9	-9	-9	-9	-9	-9	-9	-9	-9	-9	-9	-9	-9	-9	-9	UPPER_AERODIGESTIVE_TRACT
BICR31_UPPER_AERODIGESTIVE_TRACT..ACH.000228.	-9	-9	-9	-9	-9	-9	-9	-9	-9	-9	-9	-9	-9	-9	-9	-9	-9	-9	-9	-9	-9	-9	-9	-9	UPPER_AERODIGESTIVE_TRACT
BICR56_UPPER_AERODIGESTIVE_TRACT..ACH.000771.	-9	-9	-9	-9	-9	-9	-9	-9	-9	-9	-9	-9	-9	-9	-9	-9	-9	-9	-9	-9	-9	-9	-9	-9	UPPER_AERODIGESTIVE_TRACT
BICR6_UPPER_AERODIGESTIVE_TRACT..ACH.000415.	-9	-9	-9	-9	-9	-9	-9	-9	-9	-9	-9	-9	-9	-9	-9	-9	-9	-9	-9	-9	-9	-9	-9	-9	UPPER_AERODIGESTIVE_TRACT
BL41_HAEMATOPOIETIC_AND_LYMPHOID_TISSUE..ACH.000245.	2.9811	0.3433	0.05539	0.05747	0.01175	4.7396	0	0.6501	0.07161	0	0.001908	7.1153	4.6797	0	0.2911	0.8768	0	0.005313	0.8231	0	0.4967	1.0673	4.1211	0.468	HAEMATOPOIETIC_AND_LYMPHOID_TISSUE
BL70_HAEMATOPOIETIC_AND_LYMPHOID_TISSUE..ACH.000402.	3.5976	0.8428	2.0535	0.113	0.3595	4.8923	0.02918	0.3646	0.3218	0.1648	0.1399	6.5657	5.8478	0.06714	1.1151	0.9159	0.4072	0.6149	1.2478	0.1112	0.6416	1.7212	4.5194	1.9715	HAEMATOPOIETIC_AND_LYMPHOID_TISSUE
BT12_SOFT_TISSUE..ACH.000160.	-9	-9	-9	-9	-9	-9	-9	-9	-9	-9	-9	-9	-9	-9	-9	-9	-9	-9	-9	-9	-9	-9	-9	-9	SOFT_TISSUE
BT20_BREAST..ACH.000536.	1.0525	0.5273	1.181	0.01832	1.3084	2.4196	0.2981	0.6681	0.4948	0.3956	0.2088	4.959	4.53	0.4673	0.1474	0.5166	0.4686	0	0.9371	0.4714	0.7985	0.1317	2.1888	0.8072	BREAST
BT474_BREAST..ACH.000927.	3.7846	0.7015	0.8074	0.1287	0.3156	-9	0.7397	3.3811	0.1639	0.5231	0.2468	3.3674	5.1333	0.5865	1.0329	0.2296	0.4139	0.1735	0.6517	0.8083	0.3988	0.3351	0.1767	0.5179	BREAST
BT483_BREAST..ACH.000818.	-9	-9	-9	-9	-9	-9	-9	-9	-9	-9	-9	-9	-9	-9	-9	-9	-9	-9	-9	-9	-9	-9	-9	-9	BREAST
BT549_BREAST..ACH.000288.	4.799	1.0007	0.8363	0.2601	0.2467	3.4086	0.1532	1.0001	1.6262	0.641	0.2901	5.817	3.7698	0.1503	0	0.533	0.1106	0.4886	2.1067	0.5889	0.7964	1.0845	4.1961	0.9727	BREAST
BV173_HAEMATOPOIETIC_AND_LYMPHOID_TISSUE..ACH.000432.	-9	-9	-9	-9	-9	-9	-9	-9	-9	-9	-9	-9	-9	-9	-9	-9	-9	-9	-9	-9	-9	-9	-9	-9	HAEMATOPOIETIC_AND_LYMPHOID_TISSUE
BXPC3_PANCREAS..ACH.000535.	3.4843	0.7268	1.5541	1.9699	0.7307	-9	0.3731	1.2981	2.374	-9	0.8451	5.4667	3.9718	2.8579	-9	0.5536	0.8834	0.8857	-9	0.3544	1.6433	1.1114	2.8842	1.2382	PANCREAS
C2BBE1_LARGE_INTESTINE..ACH.000009.	2.2767	1.3449	2.0615	1.6091	1.128	-9	0.00776	1.4312	0.5307	0.7346	0.4036	3.4819	4.6721	2.6013	0.7911	0.7279	0	0.4087	1.1062	0.2239	1.4705	0.527	1.3702	1.9499	LARGE_INTESTINE
C32_SKIN..ACH.000580.	6.5863	0.8161	0	1.8523	0.286	2.0384	0.04038	0	0.4908	0.1393	0	3.1892	2.4495	3.2117	0.07469	0.261	0.1914	1.2483	1.1826	0.3158	0.6679	0.3908	2.2885	0.4507	SKIN
C8166_HAEMATOPOIETIC_AND_LYMPHOID_TISSUE..ACH.000206.	-9	-9	-9	-9	-9	-9	-9	-9	-9	-9	-9	-9	-9	-9	-9	-9	-9	-9	-9	-9	-9	-9	-9	-9	HAEMATOPOIETIC_AND_LYMPHOID_TISSUE
CA46_HAEMATOPOIETIC_AND_LYMPHOID_TISSUE..ACH.000440.	-9	-9	-9	-9	-9	-9	-9	-9	-9	-9	-9	-9	-9	-9	-9	-9	-9	-9	-9	-9	-9	-9	-9	-9	HAEMATOPOIETIC_AND_LYMPHOID_TISSUE
CADOES1_BONE..ACH.000210.	-9	-9	-9	-9	-9	-9	-9	-9	-9	-9	-9	-9	-9	-9	-9	-9	-9	-9	-9	-9	-9	-9	-9	-9	BONE
CAKI1_KIDNEY..ACH.000433.	-9	-9	-9	-9	-9	-9	-9	-9	-9	-9	-9	-9	-9	-9	-9	-9	-9	-9	-9	-9	-9	-9	-9	-9	KIDNEY
CAKI2_KIDNEY..ACH.000234.	1.6136	1.1466	1.4118	1.2769	1.0932	0.5537	0.1271	0.7662	0.3552	0.03836	0.1525	4.8113	3.6886	1.8386	0.1423	0	0	0.4033	1.5667	0.4486	0.729	0.9492	1.1215	1.2657	KIDNEY
CAL120_BREAST..ACH.000212.	-9	-9	-9	-9	-9	-9	-9	-9	-9	-9	-9	-9	-9	-9	-9	-9	-9	-9	-9	-9	-9	-9	-9	-9	BREAST
CAL12T_LUNG..ACH.000826.	3.5	2.0875	1.8817	1.2348	1.7747	-9	-9	1.4973	1.1054	-9	0.6988	4.9761	4.1571	2.2204	-9	1.1889	1.5377	0.5977	-9	0.6577	2.8724	1.5021	1.9431	2.5282	LUNG
CAL148_BREAST..ACH.000902.	-9	-9	-9	-9	-9	-9	-9	-9	-9	-9	-9	-9	-9	-9	-9	-9	-9	-9	-9	-9	-9	-9	-9	-9	BREAST
CAL27_UPPER_AERODIGESTIVE_TRACT..ACH.000832.	4.0906	0.9409	1.5346	2.3452	2.316	-9	0	1.8794	0.3061	-9	0	7.1184	4.4571	2.6201	0	0.5558	0.7764	0	1.0867	0.3294	0.5994	0.5781	3.8619	3.4375	UPPER_AERODIGESTIVE_TRACT
CAL29_URINARY_TRACT..ACH.000142.	-9	-9	-9	-9	-9	-9	-9	-9	-9	-9	-9	-9	-9	-9	-9	-9	-9	-9	-9	-9	-9	-9	-9	-9	URINARY_TRACT
CAL33_UPPER_AERODIGESTIVE_TRACT..ACH.000518.	-9	-9	-9	-9	-9	-9	-9	-9	-9	-9	-9	-9	-9	-9	-9	-9	-9	-9	-9	-9	-9	-9	-9	-9	UPPER_AERODIGESTIVE_TRACT
CAL51_BREAST..ACH.000856.	-9	-9	-9	-9	-9	-9	-9	-9	-9	-9	-9	-9	-9	-9	-9	-9	-9	-9	-9	-9	-9	-9	-9	-9	BREAST
CAL54_KIDNEY..ACH.000457.	-9	-9	-9	-9	-9	-9	-9	-9	-9	-9	-9	-9	-9	-9	-9	-9	-9	-9	-9	-9	-9	-9	-9	-9	KIDNEY
CAL78_BONE..ACH.000516.	4.3291	1.2703	0.6972	0.149	0.6947	2.9043	0.7571	0.4327	0.7028	0.5266	0.0222	5.5828	4.6055	0.1878	0.1654	0.8664	0.3361	0.359	1.7244	0.301	1.4006	1.7102	3.1338	0.305	BONE
CAL851_BREAST..ACH.000857.	3.6877	1.3703	1.7728	1.7048	2.0234	2.8611	0.09294	1.9052	1.9431	0.07419	0.1528	5.3918	4.751	2.3533	0.2048	0.2923	0.04997	0.2709	2.3477	0.04859	0.9655	0.322	2.4477	1.7151	BREAST
CALU1_LUNG..ACH.000511.	3.3698	0.1548	0.2008	1.6146	0.04256	1.8093	0.01624	0.3518	0.06953	0.1917	0.3751	4.1905	3.5222	2.1985	0.04588	0.08662	0.195	0	1.5971	0.05791	0.8478	0.6033	1.9735	0.3933	LUNG
CALU3_LUNG..ACH.000392.	2.0534	0.561	2.3703	2.3689	1.1767	-9	0.4371	2.6066	0.5201	0.4743	0.4135	3.2082	4.5124	1.8058	0.3678	0.4668	0.1975	0.003985	0.8645	0.5152	1.1636	0.4078	3.0826	1.8192	LUNG
CALU6_LUNG..ACH.000264.	3.0328	1.511	1.5736	1.5986	0.4963	-9	-9	0.1923	1.0712	-9	0.106	6.5055	4.0829	3.2483	-9	0.7092	0.4372	1.0378	-9	0.8441	2.1373	0.79	3.0781	0.7187	LUNG
CAMA1_BREAST..ACH.000783.	3.1786	0.4276	0.1606	0.06316	0.003827	3.1566	0.5617	0.146	0.7152	0.4371	0.07149	4.3906	5.0138	0.238	0.2178	0.1829	0.3651	0.07136	0.8191	0.1544	0.1146	0.494	1.0891	0.3685	BREAST
CAOV3_OVARY..ACH.000713.	-9	-9	-9	-9	-9	-9	-9	-9	-9	-9	-9	-9	-9	-9	-9	-9	-9	-9	-9	-9	-9	-9	-9	-9	OVARY
CAOV4_OVARY..ACH.000103.	-9	-9	-9	-9	-9	-9	-9	-9	-9	-9	-9	-9	-9	-9	-9	-9	-9	-9	-9	-9	-9	-9	-9	-9	OVARY
CAPAN1_PANCREAS..ACH.000354.	-9	-9	-9	-9	-9	-9	-9	-9	-9	-9	-9	-9	-9	-9	-9	-9	-9	-9	-9	-9	-9	-9	-9	-9	PANCREAS
CAPAN2_PANCREAS..ACH.000107.	3.905	1.657	1.7225	1.5237	0.399	1.5901	0	0.6047	0.3136	0.7497	0.7347	3.4066	3.4812	3.115	0.3713	1.1095	0.1632	0.3741	0.8736	0	2.4551	0.2457	1.2993	1.9235	PANCREAS
CAS1_CENTRAL_NERVOUS_SYSTEM..ACH.000464.	2.1995	0.6584	0.6927	0.103	0.08698	2.2248	0.01432	0.02975	0.07697	0.207	0.01784	4.0347	3.6763	0.586	0.1407	0.6175	0	0.06697	0.7917	0.06255	1.0183	0.3645	1.728	0.2382	CENTRAL_NERVOUS_SYSTEM
CCFSTTG1_CENTRAL_NERVOUS_SYSTEM..ACH.000329.	-9	-9	-9	-9	-9	-9	-9	-9	-9	-9	-9	-9	-9	-9	-9	-9	-9	-9	-9	-9	-9	-9	-9	-9	CENTRAL_NERVOUS_SYSTEM
CCK81_LARGE_INTESTINE..ACH.000963.	3.4189	0.7503	1.8014	2.0146	1.8156	-9	0	2.3087	0.7254	-9	0.5473	3.4061	4.7212	2.5956	-9	0.3273	0.7094	0.2626	0.7362	0.1157	1.8427	0.6354	2.4283	2.3861	LARGE_INTESTINE
CFPAC1_PANCREAS..ACH.000138.	-9	-9	-9	-9	-9	-9	-9	-9	-9	-9	-9	-9	-9	-9	-9	-9	-9	-9	-9	-9	-9	-9	-9	-9	PANCREAS
CH157MN_CENTRAL_NERVOUS_SYSTEM..ACH.000025.	-9	-9	-9	-9	-9	-9	-9	-9	-9	-9	-9	-9	-9	-9	-9	-9	-9	-9	-9	-9	-9	-9	-9	-9	CENTRAL_NERVOUS_SYSTEM
CHAGOK1_LUNG..ACH.000867.	-9	-9	-9	-9	-9	-9	-9	-9	-9	-9	-9	-9	-9	-9	-9	-9	-9	-9	-9	-9	-9	-9	-9	-9	LUNG
CHP126_AUTONOMIC_GANGLIA..ACH.000136.	-9	-9	-9	-9	-9	-9	-9	-9	-9	-9	-9	-9	-9	-9	-9	-9	-9	-9	-9	-9	-9	-9	-9	-9	AUTONOMIC_GANGLIA
CHP212_AUTONOMIC_GANGLIA..ACH.000120.	5.2114	2.0767	2.3748	5.5723	0.4165	-9	0.7484	0.4609	2.0844	-9	1.1585	5.9257	5.65	5.6249	-9	1.0766	0.86	0.3921	1.0626	0.5689	2.3225	0.6549	3.3596	1.6859	AUTONOMIC_GANGLIA
CI1_HAEMATOPOIETIC_AND_LYMPHOID_TISSUE..ACH.000687.	3.8812	0.6551	0.6352	0.5656	0.4621	4.4997	0.02719	0.07477	0.06319	0.2173	0.7237	6.7624	4.9845	0.6039	1.0214	0.8737	0.8997	0.1793	1.6558	0.3438	1.1676	1.0475	4.9059	2.3858	HAEMATOPOIETIC_AND_LYMPHOID_TISSUE
CJM_SKIN..ACH.000458.	-9	-9	-9	-9	-9	-9	-9	-9	-9	-9	-9	-9	-9	-9	-9	-9	-9	-9	-9	-9	-9	-9	-9	-9	SKIN
CL11_LARGE_INTESTINE..ACH.000249.	-9	-9	-9	-9	-9	-9	-9	-9	-9	-9	-9	-9	-9	-9	-9	-9	-9	-9	-9	-9	-9	-9	-9	-9	LARGE_INTESTINE
CL14_LARGE_INTESTINE..ACH.000342.	-9	-9	-9	-9	-9	-9	-9	-9	-9	-9	-9	-9	-9	-9	-9	-9	-9	-9	-9	-9	-9	-9	-9	-9	LARGE_INTESTINE
CL34_LARGE_INTESTINE..ACH.000895.	-9	-9	-9	-9	-9	-9	-9	-9	-9	-9	-9	-9	-9	-9	-9	-9	-9	-9	-9	-9	-9	-9	-9	-9	LARGE_INTESTINE
CL40_LARGE_INTESTINE..ACH.000798.	-9	-9	-9	-9	-9	-9	-9	-9	-9	-9	-9	-9	-9	-9	-9	-9	-9	-9	-9	-9	-9	-9	-9	-9	LARGE_INTESTINE
CMK_HAEMATOPOIETIC_AND_LYMPHOID_TISSUE..ACH.000641.	-9	-9	-9	-9	-9	-9	-9	-9	-9	-9	-9	-9	-9	-9	-9	-9	-9	-9	-9	-9	-9	-9	-9	-9	HAEMATOPOIETIC_AND_LYMPHOID_TISSUE
CMLT1_HAEMATOPOIETIC_AND_LYMPHOID_TISSUE..ACH.000920.	-9	-9	-9	-9	-9	-9	-9	-9	-9	-9	-9	-9	-9	-9	-9	-9	-9	-9	-9	-9	-9	-9	-9	-9	HAEMATOPOIETIC_AND_LYMPHOID_TISSUE
COLO201_LARGE_INTESTINE..ACH.000253.	4.4923	1.3266	0.8254	4.1926	0.1882	-9	0	0.1412	0.966	0.8895	0.2836	5.1776	5.0094	5.7584	1.4388	0.7973	0.2519	2.6493	2.4944	0.8047	2.0928	0.7751	3.1666	0.3262	LARGE_INTESTINE
COLO320_LARGE_INTESTINE..ACH.000202.	2.8034	2.0584	0.4243	0.02962	0.6266	2.9318	0.1274	0.5138	0.1362	0.8088	0.0876	3.9828	4.3094	0.01305	0.846	0.7197	0.2699	0.2642	2.8689	0.7374	2.7318	1.1074	2.5752	0.8505	LARGE_INTESTINE
COLO668_LUNG..ACH.000803.	-9	-9	-9	-9	-9	-9	-9	-9	-9	-9	-9	-9	-9	-9	-9	-9	-9	-9	-9	-9	-9	-9	-9	-9	LUNG
COLO678_LARGE_INTESTINE..ACH.000350.	4.2419	1.0687	0.8386	1.8733	1.1618	1.9174	0.4075	1.1779	0.5952	0.2982	0.827	2.7143	3.3188	3.1372	0.4865	0.4238	0.2274	0.4074	1.3644	0.8591	1.4769	0.6609	1.8377	1.8722	LARGE_INTESTINE
COLO679_SKIN..ACH.000805.	3.984	0.9348	0.1354	3.3142	0.4867	2.1461	0.3375	0	0.1373	0.5391	0.6993	4.5201	4.6206	4.7338	0.4765	0.4152	0.486	2.2166	2.4244	0.4606	0.853	0.6854	2.2206	0.311	SKIN
COLO680N_OESOPHAGUS..ACH.000717.	-9	-9	-9	-9	-9	-9	-9	-9	-9	-9	-9	-9	-9	-9	-9	-9	-9	-9	-9	-9	-9	-9	-9	-9	OESOPHAGUS
COLO684_ENDOMETRIUM..ACH.000864.	-9	-9	-9	-9	-9	-9	-9	-9	-9	-9	-9	-9	-9	-9	-9	-9	-9	-9	-9	-9	-9	-9	-9	-9	ENDOMETRIUM
COLO741_SKIN..ACH.000582.	3.2321	1.4813	0.4347	2.4876	0.9611	-9	0.8445	0.3423	2.4895	-9	0.8776	5.4766	3.9221	2.757	-9	0.5903	0.7811	1.3751	-9	0.2976	1.3744	1.2564	3.1862	0.7398	SKIN
COLO783_SKIN..ACH.000812.	-9	-9	-9	-9	-9	-9	-9	-9	-9	-9	-9	-9	-9	-9	-9	-9	-9	-9	-9	-9	-9	-9	-9	-9	SKIN
COLO792_SKIN..ACH.000968.	-9	-9	-9	-9	-9	-9	-9	-9	-9	-9	-9	-9	-9	-9	-9	-9	-9	-9	-9	-9	-9	-9	-9	-9	SKIN
COLO800_SKIN..ACH.000401.	-9	-9	-9	-9	-9	-9	-9	-9	-9	-9	-9	-9	-9	-9	-9	-9	-9	-9	-9	-9	-9	-9	-9	-9	SKIN
COLO829_SKIN..ACH.000644.	-9	-9	-9	-9	-9	-9	-9	-9	-9	-9	-9	-9	-9	-9	-9	-9	-9	-9	-9	-9	-9	-9	-9	-9	SKIN
CORL105_LUNG..ACH.000161.	1.9816	0.4341	0.7688	1.1293	1.1257	-9	0.1163	0.549	0.2072	-9	0.3313	2.6619	2.7717	1.8902	-9	0.2549	0.225	0.3126	0.9254	0	0.1953	0.5431	1.1709	1.1032	LUNG
CORL23_LUNG..ACH.000662.	2.3346	0.7416	0.2272	0.02408	0.03604	2.9901	0	0.1227	0.2085	0.1142	0.08275	5.2187	4.0549	0.5205	0	0.3596	0.02301	0	1.2001	0.8032	0.6334	0.3707	3.0968	0.3283	LUNG
CORL24_LUNG..ACH.000382.	-9	-9	-9	-9	-9	-9	-9	-9	-9	-9	-9	-9	-9	-9	-9	-9	-9	-9	-9	-9	-9	-9	-9	-9	LUNG
CORL279_LUNG..ACH.000257.	-9	-9	-9	-9	-9	-9	-9	-9	-9	-9	-9	-9	-9	-9	-9	-9	-9	-9	-9	-9	-9	-9	-9	-9	LUNG
CORL311_LUNG..ACH.000187.	-9	-9	-9	-9	-9	-9	-9	-9	-9	-9	-9	-9	-9	-9	-9	-9	-9	-9	-9	-9	-9	-9	-9	-9	LUNG
CORL47_LUNG..ACH.000695.	-9	-9	-9	-9	-9	-9	-9	-9	-9	-9	-9	-9	-9	-9	-9	-9	-9	-9	-9	-9	-9	-9	-9	-9	LUNG
CORL88_LUNG..ACH.000508.	-9	-9	-9	-9	-9	-9	-9	-9	-9	-9	-9	-9	-9	-9	-9	-9	-9	-9	-9	-9	-9	-9	-9	-9	LUNG
CORL95_LUNG..ACH.000743.	-9	-9	-9	-9	-9	-9	-9	-9	-9	-9	-9	-9	-9	-9	-9	-9	-9	-9	-9	-9	-9	-9	-9	-9	LUNG
COV318_OVARY..ACH.000256.	1.9673	0.7664	0.7234	0.07562	0.05132	2.342	0.107	0	0.2282	0.5619	0.3907	2.8757	3.6326	0.02419	0.2948	0.4279	0.04829	0.5288	0.848	0.2473	1.4239	0.9151	2.0789	1.206	OVARY
COV362_OVARY..ACH.000278.	-9	-9	-9	-9	-9	-9	-9	-9	-9	-9	-9	-9	-9	-9	-9	-9	-9	-9	-9	-9	-9	-9	-9	-9	OVARY
COV434_OVARY..ACH.000123.	-9	-9	-9	-9	-9	-9	-9	-9	-9	-9	-9	-9	-9	-9	-9	-9	-9	-9	-9	-9	-9	-9	-9	-9	OVARY
COV644_OVARY..ACH.000608.	-9	-9	-9	-9	-9	-9	-9	-9	-9	-9	-9	-9	-9	-9	-9	-9	-9	-9	-9	-9	-9	-9	-9	-9	OVARY
CW2_LARGE_INTESTINE..ACH.000998.	-9	-9	-9	-9	-9	-9	-9	-9	-9	-9	-9	-9	-9	-9	-9	-9	-9	-9	-9	-9	-9	-9	-9	-9	LARGE_INTESTINE
CACO2_LARGE_INTESTINE..ACH.000003.	-9	-9	-9	-9	-9	-9	-9	-9	-9	-9	-9	-9	-9	-9	-9	-9	-9	-9	-9	-9	-9	-9	-9	-9	LARGE_INTESTINE
D283MED_CENTRAL_NERVOUS_SYSTEM..ACH.000055.	-9	-9	-9	-9	-9	-9	-9	-9	-9	-9	-9	-9	-9	-9	-9	-9	-9	-9	-9	-9	-9	-9	-9	-9	CENTRAL_NERVOUS_SYSTEM
D341MED_CENTRAL_NERVOUS_SYSTEM..ACH.000095.	-9	-9	-9	-9	-9	-9	-9	-9	-9	-9	-9	-9	-9	-9	-9	-9	-9	-9	-9	-9	-9	-9	-9	-9	CENTRAL_NERVOUS_SYSTEM
DANG_PANCREAS..ACH.000243.	-9	-9	-9	-9	-9	-9	-9	-9	-9	-9	-9	-9	-9	-9	-9	-9	-9	-9	-9	-9	-9	-9	-9	-9	PANCREAS
DAOY_CENTRAL_NERVOUS_SYSTEM..ACH.000211.	3.6005	0.7917	0.2739	0.3316	0.2287	3.9651	0	0.05	0.6428	0.2486	0.2397	5.9369	4.8071	0.01505	0.01077	0.2733	0.02801	0.2072	0.9778	0.3994	0.7283	0.5918	3.9107	0.6998	CENTRAL_NERVOUS_SYSTEM
DAUDI_HAEMATOPOIETIC_AND_LYMPHOID_TISSUE..ACH.000786.	-9	-9	-9	-9	-9	-9	-9	-9	-9	-9	-9	-9	-9	-9	-9	-9	-9	-9	-9	-9	-9	-9	-9	-9	HAEMATOPOIETIC_AND_LYMPHOID_TISSUE
DBTRG05MG_CENTRAL_NERVOUS_SYSTEM..ACH.000863.	2.7457	0.868	1.475	3.1418	0.3955	3.4461	0	0.2992	0.4507	0.3488	0.8056	5.3756	3.7393	2.9241	0.3863	0.468	1.0773	1.8659	2.5702	0.7186	1.4749	0.6195	3.2015	0.6038	CENTRAL_NERVOUS_SYSTEM
DB_HAEMATOPOIETIC_AND_LYMPHOID_TISSUE..ACH.000334.	-9	-9	-9	-9	-9	-9	-9	-9	-9	-9	-9	-9	-9	-9	-9	-9	-9	-9	-9	-9	-9	-9	-9	-9	HAEMATOPOIETIC_AND_LYMPHOID_TISSUE
DEL_HAEMATOPOIETIC_AND_LYMPHOID_TISSUE..ACH.000233.	5.2371	1.2612	1.4715	1.4402	0.473	5.873	2.1438	1.0422	0.9751	1.2823	0.8865	7.3422	5.957	1.3118	1.6378	3.7305	2.3361	1.2475	2.3549	1.989	5.9893	1.3471	5.916	2.052	HAEMATOPOIETIC_AND_LYMPHOID_TISSUE
DETROIT562_UPPER_AERODIGESTIVE_TRACT..ACH.000207.	2.8606	0.3942	1.1993	1.0097	0.8498	-9	0.1327	0.432	0.8633	0.5156	0.6081	5.6996	3.7515	1.2996	0.9828	0.1087	0.8825	0.1153	0.6876	0.08576	0.5406	0.2191	1.4964	1.5655	UPPER_AERODIGESTIVE_TRACT
DKMG_CENTRAL_NERVOUS_SYSTEM..ACH.000244.	2.603	0.3032	0.3462	1.1426	0.1756	1.8847	0	0.2054	0.1664	0	0.4608	5.3135	3.8051	1.3384	0.5503	0.7844	0.3604	0	1.3524	0.04339	0.4276	0.7372	1.5358	0.6306	CENTRAL_NERVOUS_SYSTEM
DM3_FIBROBLAST..ACH.000742.	-9	-9	-9	-9	-9	-9	-9	-9	-9	-9	-9	-9	-9	-9	-9	-9	-9	-9	-9	-9	-9	-9	-9	-9	FIBROBLAST
DMS114_LUNG..ACH.000530.	2.2019	2.3798	0.3061	0.7486	0.4546	-9	0.6133	0.2177	1.3367	0.8476	0.3314	5.5617	4.5845	0.4387	0.8691	2.1489	0.8946	0.06617	1.6543	0.7432	1.8487	1.145	3.1123	1.016	LUNG
DMS153_LUNG..ACH.000594.	-9	-9	-9	-9	-9	-9	-9	-9	-9	-9	-9	-9	-9	-9	-9	-9	-9	-9	-9	-9	-9	-9	-9	-9	LUNG
DMS273_LUNG..ACH.000749.	-9	-9	-9	-9	-9	-9	-9	-9	-9	-9	-9	-9	-9	-9	-9	-9	-9	-9	-9	-9	-9	-9	-9	-9	LUNG
DMS454_LUNG..ACH.000844.	-9	-9	-9	-9	-9	-9	-9	-9	-9	-9	-9	-9	-9	-9	-9	-9	-9	-9	-9	-9	-9	-9	-9	-9	LUNG
DMS53_LUNG..ACH.000698.	-9	-9	-9	-9	-9	-9	-9	-9	-9	-9	-9	-9	-9	-9	-9	-9	-9	-9	-9	-9	-9	-9	-9	-9	LUNG
DMS79_LUNG..ACH.000703.	-9	-9	-9	-9	-9	-9	-9	-9	-9	-9	-9	-9	-9	-9	-9	-9	-9	-9	-9	-9	-9	-9	-9	-9	LUNG
DND41_HAEMATOPOIETIC_AND_LYMPHOID_TISSUE..ACH.000981.	-9	-9	-9	-9	-9	-9	-9	-9	-9	-9	-9	-9	-9	-9	-9	-9	-9	-9	-9	-9	-9	-9	-9	-9	HAEMATOPOIETIC_AND_LYMPHOID_TISSUE
DOHH2_HAEMATOPOIETIC_AND_LYMPHOID_TISSUE..ACH.000056.	4.3378	2.0396	1.4458	0.1338	0.9251	5.5641	2.7093	1.1878	0.3809	1.7965	1.4534	5.1909	6.0713	0.8781	1.2261	1.8184	1.3201	1.3751	2.2879	2.8625	1.9472	2.0445	5.3652	2.6292	HAEMATOPOIETIC_AND_LYMPHOID_TISSUE
DU4475_BREAST..ACH.000258.	-9	-9	-9	-9	-9	-9	-9	-9	-9	-9	-9	-9	-9	-9	-9	-9	-9	-9	-9	-9	-9	-9	-9	-9	BREAST
DV90_LUNG..ACH.000925.	4.6153	1.0623	0.7536	3.5067	1.4945	-9	0.6583	0.9329	4.2899	-9	1.2495	6.3835	5.597	4.1181	-9	0.1697	3.0544	0.09542	-9	0.04952	1.0057	1.2647	3.3122	1.2011	LUNG
EB1_HAEMATOPOIETIC_AND_LYMPHOID_TISSUE..ACH.000877.	2.5251	1.0303	1.5087	0	0.3605	-9	0.06135	0.2499	1.0942	0.3182	0.1726	5.6514	4.0163	0.9204	0.7713	0.3304	0.7433	0.1546	1.5524	0.2679	0.408	0.7231	3.1845	1.1811	HAEMATOPOIETIC_AND_LYMPHOID_TISSUE
EBC1_LUNG..ACH.000563.	3.9338	1.2742	0.64	2.6304	0.2728	3.5052	0.1243	0.6902	0.892	0.3761	0.1442	5.7392	4.4037	4.3938	1.1729	4.497	1.6816	0.07623	1.6179	0.3943	1.6407	0.3913	3.8903	0.8671	LUNG
ECC10_STOMACH..ACH.000560.	-9	-9	-9	-9	-9	-9	-9	-9	-9	-9	-9	-9	-9	-9	-9	-9	-9	-9	-9	-9	-9	-9	-9	-9	STOMACH
ECC12_STOMACH..ACH.000225.	-9	-9	-9	-9	-9	-9	-9	-9	-9	-9	-9	-9	-9	-9	-9	-9	-9	-9	-9	-9	-9	-9	-9	-9	STOMACH
ECGI10_OESOPHAGUS..ACH.000305.	-9	-9	-9	-9	-9	-9	-9	-9	-9	-9	-9	-9	-9	-9	-9	-9	-9	-9	-9	-9	-9	-9	-9	-9	OESOPHAGUS
EFE184_ENDOMETRIUM..ACH.000435.	1.8778	0.5889	1.4942	1.1417	0.5729	2.2955	0	1.0358	0.2116	0.2116	0.1986	2.0256	3.3759	1.3875	0.03832	0.2181	0.333	0	0.8661	0.3326	0.4804	0.3328	1.6699	0.7584	ENDOMETRIUM
EFM192A_BREAST..ACH.000117.	-9	-9	-9	-9	-9	-9	-9	-9	-9	-9	-9	-9	-9	-9	-9	-9	-9	-9	-9	-9	-9	-9	-9	-9	BREAST
EFM19_BREAST..ACH.000330.	3.5096	0.7541	1.2611	0.0802	0.09867	2.2524	0.2789	0.7549	2.7017	0.3452	0.3282	5.55	4.9716	0.09919	0.6936	0.6233	0.7263	0	1.4292	0.3749	1.2299	0.7954	1.9984	0.9214	BREAST
EFO21_OVARY..ACH.000308.	2.2269	1.1699	0.6374	0.8452	0.463	1.9361	0.09827	0.5927	0.6449	0.08193	0.2278	3.8972	3.2021	1.0839	0.09228	0.3743	0.2856	0.2946	1.9322	0.5223	1.7014	0.696	2.5609	1.2608	OVARY
EFO27_OVARY..ACH.000936.	2.7526	0.2644	1.3038	0.3168	0.8427	2.605	0	0.9129	0.2594	0.09143	0	3.8972	4.9402	0.9157	0	0.1799	0	-9	2.0174	0.326	0.4506	0.7044	2.1093	-9	OVARY
EHEB_HAEMATOPOIETIC_AND_LYMPHOID_TISSUE..ACH.000038.	-9	-9	-9	-9	-9	-9	-9	-9	-9	-9	-9	-9	-9	-9	-9	-9	-9	-9	-9	-9	-9	-9	-9	-9	HAEMATOPOIETIC_AND_LYMPHOID_TISSUE
EJM_HAEMATOPOIETIC_AND_LYMPHOID_TISSUE..ACH.000821.	-9	-9	-9	-9	-9	-9	-9	-9	-9	-9	-9	-9	-9	-9	-9	-9	-9	-9	-9	-9	-9	-9	-9	-9	HAEMATOPOIETIC_AND_LYMPHOID_TISSUE
EKVX_LUNG..ACH.000706.	-9	-9	-9	-9	-9	-9	-9	-9	-9	-9	-9	-9	-9	-9	-9	-9	-9	-9	-9	-9	-9	-9	-9	-9	LUNG
EM2_HAEMATOPOIETIC_AND_LYMPHOID_TISSUE..ACH.000295.	4.667	1.1647	4.2714	3.654	0.8905	5.2348	2.0652	0.3354	1.0611	6.0634	0.9154	7.0443	5.6418	4.5392	1.5487	3.0185	0.9357	1.0564	2.7795	1.7046	2.3065	1.6864	5.2851	3.3257	HAEMATOPOIETIC_AND_LYMPHOID_TISSUE
EN_ENDOMETRIUM..ACH.000978.	2.6637	0.6604	0.6256	0.2629	0	0.9262	0.02041	0.4058	0	0.1392	0.146	4.0051	3.5731	0.557	0.03136	0.4521	0.08131	0	0.5043	0.3369	0.698	0.4259	0.741	0.4015	ENDOMETRIUM
EOL1_HAEMATOPOIETIC_AND_LYMPHOID_TISSUE..ACH.000198.	-9	-9	-9	-9	-9	-9	-9	-9	-9	-9	-9	-9	-9	-9	-9	-9	-9	-9	-9	-9	-9	-9	-9	-9	HAEMATOPOIETIC_AND_LYMPHOID_TISSUE
EPLC272H_LUNG..ACH.000585.	-9	-9	-9	-9	-9	-9	-9	-9	-9	-9	-9	-9	-9	-9	-9	-9	-9	-9	-9	-9	-9	-9	-9	-9	LUNG
ES2_OVARY..ACH.000906.	3.0835	0.366	0.05565	1.9236	0.09704	-9	0.04943	0.05121	1.155	-9	0.1307	5.3368	4.7008	3.051	0.2855	0.3971	0.2601	0.8935	1.8373	0.38	0.1766	0.419	4.441	0.4975	OVARY
ESS1_ENDOMETRIUM..ACH.000913.	3.4977	1.5524	1.8504	0.5129	0.6877	-9	-9	1.2909	4.4022	-9	0.7388	6.5069	4.7936	0.9489	-9	1.3171	2.2772	0.8378	-9	0.4498	1.9378	1.7331	6.209	1.3919	ENDOMETRIUM
EW8_BONE..ACH.000499.	-9	-9	-9	-9	-9	-9	-9	-9	-9	-9	-9	-9	-9	-9	-9	-9	-9	-9	-9	-9	-9	-9	-9	-9	BONE
EWS502_BONE..ACH.000279.	-9	-9	-9	-9	-9	-9	-9	-9	-9	-9	-9	-9	-9	-9	-9	-9	-9	-9	-9	-9	-9	-9	-9	-9	BONE
F36P_HAEMATOPOIETIC_AND_LYMPHOID_TISSUE..ACH.000487.	3.7075	3.0325	0.2391	3.2726	0.6618	3.0544	1.9436	0.6322	1.2007	0.9395	0.8868	6.7817	6.4753	3.7848	0.4814	1.3331	0.8031	0.3779	3.882	1.2146	3.0508	2.3468	1.2153	1.9454	HAEMATOPOIETIC_AND_LYMPHOID_TISSUE
FADU_UPPER_AERODIGESTIVE_TRACT..ACH.000846.	5.1603	0.5665	1.9008	2.4745	1.5452	-9	0.3693	1.9562	0.5883	0.7939	0.141	4.7772	4.0829	2.2958	0.4639	0.4794	0.2629	0.2541	1.672	0.05019	0.9511	1.2244	3.2542	1.9234	UPPER_AERODIGESTIVE_TRACT
FU97_STOMACH..ACH.000633.	4.4951	0.9502	1.3435	1.0491	0.3636	-9	0.401	0.3622	0.4887	-9	0.2397	4.4367	5.2069	1.9272	-9	0.2194	0.806	0.6619	1.4073	1.0666	1.3489	1.7745	1.564	1.5508	STOMACH
FUOV1_OVARY..ACH.000574.	1.7438	2.1301	1.7494	1.8458	0.8677	1.2757	0.1524	0.6817	0.1906	0.4601	0.3852	4.3524	3.5401	2.2864	0.0499	0.2888	0.2678	0.1328	1.4192	0.6551	1.5291	1.356	0.7803	1.3519	OVARY
G292CLONEA141B1_BONE..ACH.000082.	-9	-9	-9	-9	-9	-9	-9	-9	-9	-9	-9	-9	-9	-9	-9	-9	-9	-9	-9	-9	-9	-9	-9	-9	BONE
G361_SKIN..ACH.000572.	3.2302	1.7872	0.7462	2.7378	0.996	3.2033	0.4818	1.2718	0.5463	0.5674	0.6556	6.0134	5.3635	4.4245	0.6448	0.7552	0.6601	1.8445	2.7873	0.8658	1.2092	1.6598	2.9272	1.0411	SKIN
G401_SOFT_TISSUE..ACH.000096.	4.5407	2.2898	0.983	1.9268	0.3828	4.6555	0.9484	0.4741	0.7225	0.6602	1.2915	6.559	5.5697	2.1278	1.3601	1.1658	0.6015	0.5567	2.3576	1.2294	2.1525	1.5069	4.0509	1.2123	SOFT_TISSUE
G402_SOFT_TISSUE..ACH.000375.	4.4662	0.4365	1.4516	0.06311	0	-9	0.008315	0.2117	0.3804	-9	1.068	5.9752	3.8386	0.689	-9	0.6586	0.8114	0.1487	1.6359	1.1492	0.6709	1.3881	4.218	0.485	SOFT_TISSUE
GA10_HAEMATOPOIETIC_AND_LYMPHOID_TISSUE..ACH.000162.	-9	-9	-9	-9	-9	-9	-9	-9	-9	-9	-9	-9	-9	-9	-9	-9	-9	-9	-9	-9	-9	-9	-9	-9	HAEMATOPOIETIC_AND_LYMPHOID_TISSUE
GAMG_CENTRAL_NERVOUS_SYSTEM..ACH.000098.	3.711	0.4895	0.2102	0.2266	0.1358	-9	0	0	0.5262	-9	0.332	5.015	3.8201	0.3018	-9	0.07498	0.5998	0.154	-9	0.1068	0.1636	0.445	1.2313	0.4886	CENTRAL_NERVOUS_SYSTEM
GB1_CENTRAL_NERVOUS_SYSTEM..ACH.000738.	2.3449	0.8205	1.0036	0.6831	0.4303	4.2248	0.1654	0.2394	0.1936	0.256	0.2416	4.6277	4.0893	2.272	0.3521	0.7245	0	0.845	2.6337	1.0509	1.6221	1.5132	4.8979	1.0373	CENTRAL_NERVOUS_SYSTEM
GCIY_STOMACH..ACH.000047.	2.1792	0.7879	1.2041	0.06857	0.9732	-9	0	0.8684	0.7082	0.8356	0.4031	4.0593	4.2403	1.2638	0.2167	0.4585	0.04114	0	0.5924	0.2187	1.487	0.3855	1.9017	1.6699	STOMACH
GCT_SOFT_TISSUE..ACH.000835.	3.4082	1.3274	1.1414	1.3028	0.6055	4.69	0.5029	0.756	2.3182	0.5817	0.1651	6.5265	4.6095	2.0909	0.9603	1.1702	1.8311	1.5137	2.8929	0.497	2.0993	1.2355	4.6049	1.2443	SOFT_TISSUE
GDM1_HAEMATOPOIETIC_AND_LYMPHOID_TISSUE..ACH.000081.	-9	-9	-9	-9	-9	-9	-9	-9	-9	-9	-9	-9	-9	-9	-9	-9	-9	-9	-9	-9	-9	-9	-9	-9	HAEMATOPOIETIC_AND_LYMPHOID_TISSUE
GI1_CENTRAL_NERVOUS_SYSTEM..ACH.000756.	3.6972	0.5457	0.5236	0.6094	0.1787	-9	0.2226	0.216	0.4723	-9	0.5693	5.6551	4.6003	0.7663	-9	1.0878	0.4336	0.6865	-9	0.4663	1.8359	0.7001	2.6126	1.2145	CENTRAL_NERVOUS_SYSTEM
GMS10_CENTRAL_NERVOUS_SYSTEM..ACH.000102.	3.1344	0.5312	0.7487	0.2219	0.1201	1.5352	0	0.004152	0.6135	0	0.08879	5.0009	3.4086	0.624	0.1815	0.2727	0.4683	0.06015	1.283	0.1598	0.6572	0.4925	1.297	0.9848	CENTRAL_NERVOUS_SYSTEM
GOS3_CENTRAL_NERVOUS_SYSTEM..ACH.000027.	-9	-9	-9	-9	-9	-9	-9	-9	-9	-9	-9	-9	-9	-9	-9	-9	-9	-9	-9	-9	-9	-9	-9	-9	CENTRAL_NERVOUS_SYSTEM
GP2D_LARGE_INTESTINE..ACH.000982.	-9	-9	-9	-9	-9	-9	-9	-9	-9	-9	-9	-9	-9	-9	-9	-9	-9	-9	-9	-9	-9	-9	-9	-9	LARGE_INTESTINE
GRANTA519_HAEMATOPOIETIC_AND_LYMPHOID_TISSUE..ACH.000073.	2.8214	1.0074	2.0087	0.5534	0.3789	5.1588	0.9562	0.2367	0.4284	1.8129	1.2758	6.7581	5.0557	1.2719	1.6975	0.9777	0.4665	0.1942	1.0915	0.4338	2.4579	1.5745	5.0562	2.0812	HAEMATOPOIETIC_AND_LYMPHOID_TISSUE
GSS_STOMACH..ACH.000746.	-9	-9	-9	-9	-9	-9	-9	-9	-9	-9	-9	-9	-9	-9	-9	-9	-9	-9	-9	-9	-9	-9	-9	-9	STOMACH
GSU_STOMACH..ACH.000485.	-9	-9	-9	-9	-9	-9	-9	-9	-9	-9	-9	-9	-9	-9	-9	-9	-9	-9	-9	-9	-9	-9	-9	-9	STOMACH
H4_CENTRAL_NERVOUS_SYSTEM..ACH.000389.	4.1075	0.4519	0.6725	0.2843	0.2662	-9	0.06108	0.05188	0.2157	0.5618	1.2492	5.2411	4.3444	0.01881	0.7428	1.5929	0.5117	0.6343	1.4272	0.1642	1.8596	1.4453	2.6745	1.1921	CENTRAL_NERVOUS_SYSTEM
HARA_LUNG..ACH.000843.	3.2458	0.4855	0.6418	0.2773	0.8434	-9	0	0.7284	0.3543	-9	0.3702	6.1217	3.5884	1.1893	-9	0.1488	0.1362	0.1449	1.0923	0.3296	1.0078	0.5869	3.1222	1.1713	LUNG
HCC1143_BREAST..ACH.000374.	-9	-9	-9	-9	-9	-9	-9	-9	-9	-9	-9	-9	-9	-9	-9	-9	-9	-9	-9	-9	-9	-9	-9	-9	BREAST
HCC1171_LUNG..ACH.000578.	-9	-9	-9	-9	-9	-9	-9	-9	-9	-9	-9	-9	-9	-9	-9	-9	-9	-9	-9	-9	-9	-9	-9	-9	LUNG
HCC1187_BREAST..ACH.000111.	1.2846	0.2086	0.3754	0.4582	0.1981	-9	2.2908	0	0.2256	0.1172	0.4677	5.8226	3.683	0.5391	0.3664	0.05411	0.4499	0.1792	0.5931	0.2117	0.4494	0.3913	1.8545	0.8999	BREAST
HCC1195_LUNG..ACH.000868.	-9	-9	-9	-9	-9	-9	-9	-9	-9	-9	-9	-9	-9	-9	-9	-9	-9	-9	-9	-9	-9	-9	-9	-9	LUNG
HCC1359_LUNG..ACH.000901.	-9	-9	-9	-9	-9	-9	-9	-9	-9	-9	-9	-9	-9	-9	-9	-9	-9	-9	-9	-9	-9	-9	-9	-9	LUNG
HCC1395_BREAST..ACH.000699.	2.6091	0.7086	1.8946	0.6753	0.5515	-9	0.4006	0.3471	1.2891	-9	0.1969	5.4493	2.8148	0.56	-9	0.2731	0.4523	0.3832	-9	0.3345	0.4094	0.7068	2.5762	1.5061	BREAST
HCC1419_BREAST..ACH.000277.	-9	-9	-9	-9	-9	-9	-9	-9	-9	-9	-9	-9	-9	-9	-9	-9	-9	-9	-9	-9	-9	-9	-9	-9	BREAST
HCC1428_BREAST..ACH.000352.	-9	-9	-9	-9	-9	-9	-9	-9	-9	-9	-9	-9	-9	-9	-9	-9	-9	-9	-9	-9	-9	-9	-9	-9	BREAST
HCC1438_LUNG..ACH.000891.	-9	-9	-9	-9	-9	-9	-9	-9	-9	-9	-9	-9	-9	-9	-9	-9	-9	-9	-9	-9	-9	-9	-9	-9	LUNG
HCC1500_BREAST..ACH.000349.	-9	-9	-9	-9	-9	-9	-9	-9	-9	-9	-9	-9	-9	-9	-9	-9	-9	-9	-9	-9	-9	-9	-9	-9	BREAST
HCC1569_BREAST..ACH.000930.	2.8103	0.4023	0.4595	0	0.1893	2.4213	0	0.3181	0.037	0.1617	0.09049	2.7161	3.2022	0.2342	0.312	0.03085	0.3944	0.01235	0.2124	0.2041	0	0.2215	0.8191	0.5531	BREAST
HCC1588_LUNG..ACH.001078.	-9	-9	-9	-9	-9	-9	-9	-9	-9	-9	-9	-9	-9	-9	-9	-9	-9	-9	-9	-9	-9	-9	-9	-9	LUNG
HCC1599_BREAST..ACH.000196.	-9	-9	-9	-9	-9	-9	-9	-9	-9	-9	-9	-9	-9	-9	-9	-9	-9	-9	-9	-9	-9	-9	-9	-9	BREAST
HCC15_LUNG..ACH.000878.	3.8606	1.1557	0.9268	1.4084	0.3449	-9	0	0.6883	1.6691	0.3714	0.5754	5.2761	4.8063	1.8382	0.1374	0.6549	1.0101	0.5192	1.6292	0.827	1.3415	0.8745	2.5426	0.9135	LUNG
HCC1806_BREAST..ACH.000624.	4.1444	1.0001	2.0485	1.6198	2.1	-9	0.2743	1.4366	0.7285	1.0867	0.5461	6.8819	4.4637	2.1571	0.3205	1.0815	0.1681	0.2989	2.0956	0.8092	1.8193	0.8257	4.6446	1.305	BREAST
HCC1833_LUNG..ACH.000712.	-9	-9	-9	-9	-9	-9	-9	-9	-9	-9	-9	-9	-9	-9	-9	-9	-9	-9	-9	-9	-9	-9	-9	-9	LUNG
HCC1937_BREAST..ACH.000223.	-9	-9	-9	-9	-9	-9	-9	-9	-9	-9	-9	-9	-9	-9	-9	-9	-9	-9	-9	-9	-9	-9	-9	-9	BREAST
HCC1954_BREAST..ACH.000859.	4.5797	0.8125	1.6338	0.9032	0.8402	-9	0.09828	2.0762	0.5034	0.5581	0.2675	5.6339	3.7483	1.6269	1.2174	0.493	0.2587	0.02614	1.2052	0.4548	0.5027	0.2642	1.2184	1.3526	BREAST
HCC202_BREAST..ACH.000725.	-9	-9	-9	-9	-9	-9	-9	-9	-9	-9	-9	-9	-9	-9	-9	-9	-9	-9	-9	-9	-9	-9	-9	-9	BREAST
HCC2108_LUNG..ACH.000314.	-9	-9	-9	-9	-9	-9	-9	-9	-9	-9	-9	-9	-9	-9	-9	-9	-9	-9	-9	-9	-9	-9	-9	-9	LUNG
HCC2157_BREAST..ACH.000691.	-9	-9	-9	-9	-9	-9	-9	-9	-9	-9	-9	-9	-9	-9	-9	-9	-9	-9	-9	-9	-9	-9	-9	-9	BREAST
HCC2218_BREAST..ACH.000755.	-9	-9	-9	-9	-9	-9	-9	-9	-9	-9	-9	-9	-9	-9	-9	-9	-9	-9	-9	-9	-9	-9	-9	-9	BREAST
HCC2279_LUNG..ACH.000731.	-9	-9	-9	-9	-9	-9	-9	-9	-9	-9	-9	-9	-9	-9	-9	-9	-9	-9	-9	-9	-9	-9	-9	-9	LUNG
HCC2429_LUNG..ACH.000143.	-9	-9	-9	-9	-9	-9	-9	-9	-9	-9	-9	-9	-9	-9	-9	-9	-9	-9	-9	-9	-9	-9	-9	-9	LUNG
HCC2450_LUNG..ACH.000975.	-9	-9	-9	-9	-9	-9	-9	-9	-9	-9	-9	-9	-9	-9	-9	-9	-9	-9	-9	-9	-9	-9	-9	-9	LUNG
HCC2814_LUNG..ACH.000690.	-9	-9	-9	-9	-9	-9	-9	-9	-9	-9	-9	-9	-9	-9	-9	-9	-9	-9	-9	-9	-9	-9	-9	-9	LUNG
HCC2935_LUNG..ACH.000150.	4.7694	0.5445	2.2272	0.7347	2.6857	1.7352	0.05828	1.9085	0	0.3039	0	2.4629	3.8509	0.7479	0.1876	0.01164	0.1044	0.7655	1.1716	0	0.9348	0.3062	2.0685	3.2719	LUNG
HCC33_LUNG..ACH.000515.	-9	-9	-9	-9	-9	-9	-9	-9	-9	-9	-9	-9	-9	-9	-9	-9	-9	-9	-9	-9	-9	-9	-9	-9	LUNG
HCC364_LUNG..ACH.000575.	-9	-9	-9	-9	-9	-9	-9	-9	-9	-9	-9	-9	-9	-9	-9	-9	-9	-9	-9	-9	-9	-9	-9	-9	LUNG
HCC366_LUNG..ACH.000840.	-9	-9	-9	-9	-9	-9	-9	-9	-9	-9	-9	-9	-9	-9	-9	-9	-9	-9	-9	-9	-9	-9	-9	-9	LUNG
HCC38_BREAST..ACH.000276.	-9	-9	-9	-9	-9	-9	-9	-9	-9	-9	-9	-9	-9	-9	-9	-9	-9	-9	-9	-9	-9	-9	-9	-9	BREAST
HCC4006_LUNG..ACH.000066.	3.4326	0.8118	2.3879	0.1997	3.7373	2.5662	0.6167	1.8224	0.2142	0.7678	0.1393	5.8944	3.8515	1.7547	0.6659	0.531	0	0.08633	1.8457	0.3675	1.5185	0.6712	1.7052	3.0689	LUNG
HCC44_LUNG..ACH.000667.	4.7402	0.9276	0.4591	0.7028	0.1511	-9	0.4521	0.1527	2.3407	-9	0.09813	5.8639	4.1851	1.5458	-9	0.2043	1.1856	0.5668	1.5482	0.5025	1.0325	0.3747	2.2173	0.9367	LUNG
HCC461_LUNG..ACH.000339.	-9	-9	-9	-9	-9	-9	-9	-9	-9	-9	-9	-9	-9	-9	-9	-9	-9	-9	-9	-9	-9	-9	-9	-9	LUNG
HCC515_LUNG..ACH.000872.	-9	-9	-9	-9	-9	-9	-9	-9	-9	-9	-9	-9	-9	-9	-9	-9	-9	-9	-9	-9	-9	-9	-9	-9	LUNG
HCC56_LARGE_INTESTINE..ACH.000467.	-9	0.6342	1.1856	3.7803	0.2732	1.8327	-9	0.4479	0.3968	0.09552	0.1928	4.1463	4.3664	5.0257	0.3011	0.2215	0.3011	0	0.5951	0.08142	0.8885	0.191	1.5781	0.7121	LARGE_INTESTINE
HCC70_BREAST..ACH.000668.	3.0273	0.6154	0.571	1.2257	0.3408	2.2185	0	0.6068	0.426	0.09364	0.1437	5.4912	4.4205	2.1081	0.0002795	0.2158	0.1703	0.05906	0.7232	0.5751	0.9657	0.6686	2.4964	0.8561	BREAST
HCC78_LUNG..ACH.000562.	1.8194	0.3367	0.3899	0.1545	0.02019	-9	0	0.07474	0.3811	0.01119	0.0682	3.5376	3.9946	0.3694	0.1592	0.5792	0.7086	0.2376	0.1753	0	0.8875	0.2193	4.1192	0.5071	LUNG
HCC827GR5_LUNG..ACH.000029.	-9	-9	-9	-9	-9	-9	-9	-9	-9	-9	-9	-9	-9	-9	-9	-9	-9	-9	-9	-9	-9	-9	-9	-9	LUNG
HCC827_LUNG..ACH.000012.	3.074	0.8091	2.8997	0	4.4132	-9	0.7494	0.956	0.4814	-9	0	4.5217	4.0611	0.7286	-9	0.3058	0.4763	0.3699	-9	0.5981	1.5033	0.1211	1.736	3.1181	LUNG
HCC95_LUNG..ACH.000454.	-9	-9	-9	-9	-9	-9	-9	-9	-9	-9	-9	-9	-9	-9	-9	-9	-9	-9	-9	-9	-9	-9	-9	-9	LUNG
HCT116_LARGE_INTESTINE..ACH.000971.	3.4601	0.5664	0.2996	1.9489	0.2184	3.3454	0.05555	0.3587	0.1936	0.2101	0.5542	6.4469	4.9122	3.6651	0.1507	0.678	0.6267	0.171	2.0303	0.8268	1.092	0.6307	3.2013	0.3113	LARGE_INTESTINE
HCT15_LARGE_INTESTINE..ACH.000997.	2.6346	1.1814	0.9084	0.6149	0.4596	2.7435	0.01443	1.0195	1.1051	0.6787	0.02414	3.1674	3.1759	1.4088	0.2188	0.3213	0.2077	0.1654	2.4916	1.1377	0.9206	1.1809	2.7169	0.2839	LARGE_INTESTINE
HDLM2_HAEMATOPOIETIC_AND_LYMPHOID_TISSUE..ACH.000267.	-9	-9	-9	-9	-9	-9	-9	-9	-9	-9	-9	-9	-9	-9	-9	-9	-9	-9	-9	-9	-9	-9	-9	-9	HAEMATOPOIETIC_AND_LYMPHOID_TISSUE
HDMYZ_HAEMATOPOIETIC_AND_LYMPHOID_TISSUE..ACH.000190.	3.7408	1.389	0.5385	2.7557	0.8709	-9	-9	0.6625	0.4014	-9	0.3302	6.7594	4.3193	4.6897	-9	0.8361	0.6999	0.7874	-9	0.9484	1.4183	1.2701	5.7676	0.3995	HAEMATOPOIETIC_AND_LYMPHOID_TISSUE
HDQP1_BREAST..ACH.000643.	4.9797	1.0021	2.1889	1.4415	1.6374	3.8757	2.4531	2.4691	0.8306	3.0468	1.6096	6.3132	4.718	3.6834	3.2073	1.0024	1.2229	0.3534	2.0498	0.1197	1.7956	1.6516	3.7682	2.0527	BREAST
HEC108_ENDOMETRIUM..ACH.000990.	-9	-9	-9	-9	-9	-9	-9	-9	-9	-9	-9	-9	-9	-9	-9	-9	-9	-9	-9	-9	-9	-9	-9	-9	ENDOMETRIUM
HEC151_ENDOMETRIUM..ACH.000972.	3.7984	0.2402	1.6659	3.233	2.2608	2.922	0.7341	1.59	0.5978	0.6752	0.1366	6.3134	5.4317	3.6687	0.6006	0.5081	0.9897	0	2.8886	0.7036	1.695	1.06	3.6883	2.1857	ENDOMETRIUM
HEC1A_ENDOMETRIUM..ACH.000954.	2.8197	0.8549	1.6748	1.0471	0.1217	-9	0.02586	0.1152	0.7562	0.7392	0.3542	4.9047	4.8108	1.652	0.4081	0.2774	0	0.2945	1.6598	0.6987	0.614	0.8994	2.287	0.4923	ENDOMETRIUM
HEC1B_ENDOMETRIUM..ACH.000941.	2.9013	1.3248	2.6185	2.2178	1.0704	1.4273	1.054	0.6192	0.6257	1.4282	0.1361	3.9821	4.6043	2.6065	1.3735	0.7286	0.02138	0.3746	1.62	0.9618	1.0383	1.218	2.025	1.7224	ENDOMETRIUM
HEC251_ENDOMETRIUM..ACH.000996.	2.5866	0.8731	1.5751	1.3455	0.7614	1.7593	0.7817	0.7347	0.2743	0.2585	0	5.4401	3.7871	1.1822	0	0.03693	0.1203	0.1457	2.0805	0.5294	0.8138	1.4313	2.833	1.4384	ENDOMETRIUM
HEC265_ENDOMETRIUM..ACH.000946.	4.6862	0.1955	0.1751	0.07603	0	3.2408	0.06052	0.4616	0.8957	0.5323	0.1335	5.8464	4.4044	0.1312	0.07914	0.7284	0.5421	0.215	2.5085	0.852	0.4049	0.8078	2.7943	0.5306	ENDOMETRIUM
HEC50B_ENDOMETRIUM..ACH.000831.	-9	-9	-9	-9	-9	-9	-9	-9	-9	-9	-9	-9	-9	-9	-9	-9	-9	-9	-9	-9	-9	-9	-9	-9	ENDOMETRIUM
HEC59_ENDOMETRIUM..ACH.000994.	3.2777	0.1996	0.04556	0.03026	0.05487	3.771	1.0539	0	0.1996	0.1066	0.009183	3.8476	4.4225	0.05466	0.1972	0.6056	0.03088	0.1145	2.0355	0.6413	1.0285	0.3578	3.4251	0.04773	ENDOMETRIUM
HEC6_ENDOMETRIUM..ACH.000984.	2.4531	0.8225	0.7863	0.3154	0.7348	3.6618	0.7208	1.1782	0.7948	1.4706	0.9376	4.1261	5.0758	1.1049	1.186	0.7721	1.6126	0.9701	1.5241	1.2738	1.1543	0.8098	3.0713	3.339	ENDOMETRIUM
HEKTE_KIDNEY..ACH.000049.	-9	-9	-9	-9	-9	-9	-9	-9	-9	-9	-9	-9	-9	-9	-9	-9	-9	-9	-9	-9	-9	-9	-9	-9	KIDNEY
HEL9217_HAEMATOPOIETIC_AND_LYMPHOID_TISSUE..ACH.000005.	2.2799	0.7872	0.5733	0.6032	0.4473	-9	0.0872	0.1414	0.5083	0.3645	0.4619	5.1205	4.6644	0.592	0.07361	0.1365	0.2805	0.09693	0.9991	0.3034	0.6456	0.6331	2.99	0.6026	HAEMATOPOIETIC_AND_LYMPHOID_TISSUE
HEL_HAEMATOPOIETIC_AND_LYMPHOID_TISSUE..ACH.000004.	-9	-9	-9	-9	-9	-9	-9	-9	-9	-9	-9	-9	-9	-9	-9	-9	-9	-9	-9	-9	-9	-9	-9	-9	HAEMATOPOIETIC_AND_LYMPHOID_TISSUE
HEP3B217_LIVER..ACH.000625.	3.5814	1.5664	0.5329	1.026	0.4963	1.5377	0.1852	0.1116	0.2849	0.6464	0.5628	3.7909	4.4206	2.6284	0	0.6479	0.4931	0.2675	1.377	0.6187	2.3426	1.5491	0.7921	0.881	LIVER
HEPG2_LIVER..ACH.000739.	5.3606	1.529	0.3882	3.0232	0.1433	3.224	0.07509	0.2365	0.7298	0.239	0.6041	4.8993	4.9398	3.9209	0.8202	0.744	0.2249	1.1158	1.58	0.2541	1.5851	0.9497	2.7849	0.8542	LIVER
HEYA8_OVARY..ACH.000542.	3.8485	0.5856	0.596	0.9399	0.2561	3.4329	0.06468	0.0632	0.04267	0.403	0.1962	5.1752	4.431	2.2657	0.4718	0.7314	0	-9	2.2513	0.6201	0.8663	0.8956	3.8241	-9	OVARY
HGC27_STOMACH..ACH.000847.	3.6359	1.0097	0.801	0.08234	0.2264	1.955	0.7627	0.3305	0.151	0.7505	0.176	6.2021	4.4176	0	1.3939	1.0484	0.05354	0.2173	1.6065	0.4772	2.0106	1.5571	2.186	1.5656	STOMACH
HH_HAEMATOPOIETIC_AND_LYMPHOID_TISSUE..ACH.000061.	2.1617	0.975	0.8571	0.8535	0.4083	-9	1.0586	0.7705	0.6424	0.8973	1.9892	5.0317	6.1876	0.7106	1.5875	0.8985	0.3423	0.1086	1.0966	1.3007	1.496	0.3257	3.7783	1.054	HAEMATOPOIETIC_AND_LYMPHOID_TISSUE
HL60_HAEMATOPOIETIC_AND_LYMPHOID_TISSUE..ACH.000002.	-9	-9	-9	-9	-9	-9	-9	-9	-9	-9	-9	-9	-9	-9	-9	-9	-9	-9	-9	-9	-9	-9	-9	-9	HAEMATOPOIETIC_AND_LYMPHOID_TISSUE
HLFA_FIBROBLAST..ACH.000797.	-9	-9	-9	-9	-9	-9	-9	-9	-9	-9	-9	-9	-9	-9	-9	-9	-9	-9	-9	-9	-9	-9	-9	-9	FIBROBLAST
HLF_LIVER..ACH.000393.	3.5942	0.8423	1.5	1.1747	0.5841	3.7736	0	0.3719	0.7126	0.1366	0.5281	4.855	4.42	0.8906	0.04018	0.4126	0.1807	0.5801	1.3733	0.5575	0.8174	1.3732	3.7109	1.2425	LIVER
HMC18_BREAST..ACH.000721.	3.6072	1.0301	0.1051	2.9909	0.3479	1.7798	0	0.3697	0.09633	0.2208	0.2093	5.3291	3.0692	3.8973	0.3245	0.5299	0	0.07445	0.4812	0.2971	1.1591	0.475	2.0497	0.02721	BREAST
HMCB_SKIN..ACH.000931.	4.5134	1.1052	1.3243	0.4484	1.0646	3.5353	0.1614	1.053	0.4205	0.5979	0.1048	6.5093	4.588	1.327	0.3092	0.4672	0.5584	0.4418	2.3833	1.3145	1.707	1.8672	3.8274	1.6382	SKIN
HMEL_BREAST..ACH.000642.	-9	-9	-9	-9	-9	-9	-9	-9	-9	-9	-9	-9	-9	-9	-9	-9	-9	-9	-9	-9	-9	-9	-9	-9	BREAST
HNT34_HAEMATOPOIETIC_AND_LYMPHOID_TISSUE..ACH.000299.	-9	-9	-9	-9	-9	-9	-9	-9	-9	-9	-9	-9	-9	-9	-9	-9	-9	-9	-9	-9	-9	-9	-9	-9	HAEMATOPOIETIC_AND_LYMPHOID_TISSUE
HOP62_LUNG..ACH.000861.	-9	-9	-9	-9	-9	-9	-9	-9	-9	-9	-9	-9	-9	-9	-9	-9	-9	-9	-9	-9	-9	-9	-9	-9	LUNG
HOP92_LUNG..ACH.000825.	-9	-9	-9	-9	-9	-9	-9	-9	-9	-9	-9	-9	-9	-9	-9	-9	-9	-9	-9	-9	-9	-9	-9	-9	LUNG
HOS_BONE..ACH.000613.	3.4429	0.5479	0.1945	0.3858	0.2068	3.5016	0.2133	0.7597	0.5549	0.4549	0.7641	6.143	4.5348	1.1514	0.7598	0.7702	1.1388	0.1291	1.3312	0.06738	0.6085	0.369	2.6696	1.05	BONE
HPAC_PANCREAS..ACH.000270.	3.905	1.5511	1.8324	2.1314	0.7557	2.3686	0.1013	0.5041	1.2394	0.9597	0.6948	5.5399	4.6008	3.3129	0.8548	1.77	1.1633	0.8802	1.6427	0.8845	1.966	0.8533	2.9519	1.4355	PANCREAS
HPAFII_PANCREAS..ACH.000094.	3.803	1.3463	1.8783	2.0653	0.965	-9	1.3888	1.3411	1.1707	-9	1.7918	4.9936	3.7254	3.016	-9	1.0399	1.7663	0.2772	0.9446	0.4414	1.1629	0.8712	3.3008	1.4523	PANCREAS
HPBALL_HAEMATOPOIETIC_AND_LYMPHOID_TISSUE..ACH.000942.	-9	-9	-9	-9	-9	-9	-9	-9	-9	-9	-9	-9	-9	-9	-9	-9	-9	-9	-9	-9	-9	-9	-9	-9	HAEMATOPOIETIC_AND_LYMPHOID_TISSUE
HS172T_FIBROBLAST..ACH.000088.	-9	-9	-9	-9	-9	-9	-9	-9	-9	-9	-9	-9	-9	-9	-9	-9	-9	-9	-9	-9	-9	-9	-9	-9	FIBROBLAST
HS229T_FIBROBLAST..ACH.000131.	-9	-9	-9	-9	-9	-9	-9	-9	-9	-9	-9	-9	-9	-9	-9	-9	-9	-9	-9	-9	-9	-9	-9	-9	FIBROBLAST
HS255T_FIBROBLAST..ACH.000199.	-9	-9	-9	-9	-9	-9	-9	-9	-9	-9	-9	-9	-9	-9	-9	-9	-9	-9	-9	-9	-9	-9	-9	-9	FIBROBLAST
HS274T_BREAST..ACH.000134.	-9	-9	-9	-9	-9	-9	-9	-9	-9	-9	-9	-9	-9	-9	-9	-9	-9	-9	-9	-9	-9	-9	-9	-9	BREAST
HS281T_FIBROBLAST..ACH.000083.	-9	-9	-9	-9	-9	-9	-9	-9	-9	-9	-9	-9	-9	-9	-9	-9	-9	-9	-9	-9	-9	-9	-9	-9	FIBROBLAST
HS294T_SKIN..ACH.000014.	2.7954	0.969	0.6296	1.0543	0.6342	2.3295	0.0003624	0.3933	1.8489	0.1473	0.5178	4.8987	3.8112	2.213	0.2844	0.5367	0.1508	0.6301	1.4222	0.01333	0.9395	0.6116	2.4773	0.5163	SKIN
HS343T_FIBROBLAST..ACH.000184.	-9	-9	-9	-9	-9	-9	-9	-9	-9	-9	-9	-9	-9	-9	-9	-9	-9	-9	-9	-9	-9	-9	-9	-9	FIBROBLAST
HS578T_BREAST..ACH.000148.	3.8639	0.2538	0.4801	0.2979	0.05836	-9	0	0.2025	0.5308	0.2575	0.4288	6.8292	4.1861	1.2618	0.4447	0.4021	0	0.3128	1.2571	0.05614	0.7075	1.1832	1.2176	0.4577	BREAST
HS600T_FIBROBLAST..ACH.000240.	-9	-9	-9	-9	-9	-9	-9	-9	-9	-9	-9	-9	-9	-9	-9	-9	-9	-9	-9	-9	-9	-9	-9	-9	FIBROBLAST
HS606T_FIBROBLAST..ACH.000540.	-9	-9	-9	-9	-9	-9	-9	-9	-9	-9	-9	-9	-9	-9	-9	-9	-9	-9	-9	-9	-9	-9	-9	-9	FIBROBLAST
HS611T_HAEMATOPOIETIC_AND_LYMPHOID_TISSUE..ACH.000069.	-9	-9	-9	-9	-9	-9	-9	-9	-9	-9	-9	-9	-9	-9	-9	-9	-9	-9	-9	-9	-9	-9	-9	-9	HAEMATOPOIETIC_AND_LYMPHOID_TISSUE
HS616T_FIBROBLAST..ACH.000063.	-9	-9	-9	-9	-9	-9	-9	-9	-9	-9	-9	-9	-9	-9	-9	-9	-9	-9	-9	-9	-9	-9	-9	-9	FIBROBLAST
HS618T_FIBROBLAST..ACH.000539.	-9	-9	-9	-9	-9	-9	-9	-9	-9	-9	-9	-9	-9	-9	-9	-9	-9	-9	-9	-9	-9	-9	-9	-9	FIBROBLAST
HS675T_FIBROBLAST..ACH.000214.	-9	-9	-9	-9	-9	-9	-9	-9	-9	-9	-9	-9	-9	-9	-9	-9	-9	-9	-9	-9	-9	-9	-9	-9	FIBROBLAST
HS683_CENTRAL_NERVOUS_SYSTEM..ACH.000067.	4.354	0.7117	1.2891	0.4306	0.07119	2.8785	0.04761	0.03881	0.3543	0.2585	0.2897	5.9641	3.6994	0.5807	0.277	1.0135	0.05832	0.1648	1.1058	0.2025	1.7276	0.7687	3.1158	0.2458	CENTRAL_NERVOUS_SYSTEM
HS688AT_FIBROBLAST..ACH.000306.	-9	-9	-9	-9	-9	-9	-9	-9	-9	-9	-9	-9	-9	-9	-9	-9	-9	-9	-9	-9	-9	-9	-9	-9	FIBROBLAST
HS695T_SKIN..ACH.000799.	3.3577	0.9336	0.3278	1.5491	0.0222	2.5234	0.02135	0.3009	0.8372	0.1666	0.4623	3.3945	4.6716	2.3595	0.294	0.4068	0.2251	0.752	1.2493	0.09031	0.9149	0.5711	2.2942	0.5239	SKIN
HS698T_FIBROBLAST..ACH.000850.	-9	-9	-9	-9	-9	-9	-9	-9	-9	-9	-9	-9	-9	-9	-9	-9	-9	-9	-9	-9	-9	-9	-9	-9	FIBROBLAST
HS706T_BONE..ACH.000071.	-9	-9	-9	-9	-9	-9	-9	-9	-9	-9	-9	-9	-9	-9	-9	-9	-9	-9	-9	-9	-9	-9	-9	-9	BONE
HS729_SOFT_TISSUE..ACH.000133.	3.1048	1.4926	0.5674	0.5233	0.1266	-9	0.1671	0.4988	1.5302	-9	0.6331	5.2003	3.5883	0.44	-9	0.7401	0.9979	0.2016	1.433	0.04854	1.2524	0.9618	3.3782	0.6146	SOFT_TISSUE
HS737T_FIBROBLAST..ACH.000185.	-9	-9	-9	-9	-9	-9	-9	-9	-9	-9	-9	-9	-9	-9	-9	-9	-9	-9	-9	-9	-9	-9	-9	-9	FIBROBLAST
HS739T_FIBROBLAST..ACH.000413.	-9	-9	-9	-9	-9	-9	-9	-9	-9	-9	-9	-9	-9	-9	-9	-9	-9	-9	-9	-9	-9	-9	-9	-9	FIBROBLAST
HS742T_FIBROBLAST..ACH.000230.	-9	-9	-9	-9	-9	-9	-9	-9	-9	-9	-9	-9	-9	-9	-9	-9	-9	-9	-9	-9	-9	-9	-9	-9	FIBROBLAST
HS746T_STOMACH..ACH.000616.	3.5069	0.845	1.7904	1.5266	0.3248	-9	0.7244	0.5103	0.7589	0.8844	1.6156	5.1829	4.7462	2.6193	0.6801	3.4785	1.221	0.2152	2.2018	0.2575	0.8022	0.7003	3.0074	0.7248	STOMACH
HS751T_HAEMATOPOIETIC_AND_LYMPHOID_TISSUE..ACH.000165.	-9	-9	-9	-9	-9	-9	-9	-9	-9	-9	-9	-9	-9	-9	-9	-9	-9	-9	-9	-9	-9	-9	-9	-9	HAEMATOPOIETIC_AND_LYMPHOID_TISSUE
HS766T_PANCREAS..ACH.000178.	3.2746	0.3245	1.7451	2.7227	0.6797	0.9451	0.1058	0.3614	0.006976	0.2082	0.6257	3.1435	3.5238	3.6998	0.5099	0.846	0	0.09305	1.8703	0.2793	1.623	0.6438	0.9675	1.3798	PANCREAS
HS819T_FIBROBLAST..ACH.000224.	-9	-9	-9	-9	-9	-9	-9	-9	-9	-9	-9	-9	-9	-9	-9	-9	-9	-9	-9	-9	-9	-9	-9	-9	FIBROBLAST
HS821T_FIBROBLAST..ACH.000526.	-9	-9	-9	-9	-9	-9	-9	-9	-9	-9	-9	-9	-9	-9	-9	-9	-9	-9	-9	-9	-9	-9	-9	-9	FIBROBLAST
HS822T_FIBROBLAST..ACH.000229.	-9	-9	-9	-9	-9	-9	-9	-9	-9	-9	-9	-9	-9	-9	-9	-9	-9	-9	-9	-9	-9	-9	-9	-9	FIBROBLAST
HS834T_FIBROBLAST..ACH.000275.	-9	-9	-9	-9	-9	-9	-9	-9	-9	-9	-9	-9	-9	-9	-9	-9	-9	-9	-9	-9	-9	-9	-9	-9	FIBROBLAST
HS839T_FIBROBLAST..ACH.000180.	-9	-9	-9	-9	-9	-9	-9	-9	-9	-9	-9	-9	-9	-9	-9	-9	-9	-9	-9	-9	-9	-9	-9	-9	FIBROBLAST
HS840T_FIBROBLAST..ACH.000284.	-9	-9	-9	-9	-9	-9	-9	-9	-9	-9	-9	-9	-9	-9	-9	-9	-9	-9	-9	-9	-9	-9	-9	-9	FIBROBLAST
HS852T_SKIN..ACH.000274.	4.9316	1.595	1.0993	1.3702	0.2035	0.8084	0.1685	0.1743	0.3792	0.5659	0.363	4.7678	4.298	2.3665	0.44	0.9536	0.3071	0.1203	1.1536	0.4032	2.5434	0.6529	1.4231	1.383	SKIN
HS863T_FIBROBLAST..ACH.000119.	-9	-9	-9	-9	-9	-9	-9	-9	-9	-9	-9	-9	-9	-9	-9	-9	-9	-9	-9	-9	-9	-9	-9	-9	FIBROBLAST
HS870T_FIBROBLAST..ACH.000340.	-9	-9	-9	-9	-9	-9	-9	-9	-9	-9	-9	-9	-9	-9	-9	-9	-9	-9	-9	-9	-9	-9	-9	-9	FIBROBLAST
HS888T_FIBROBLAST..ACH.000154.	-9	-9	-9	-9	-9	-9	-9	-9	-9	-9	-9	-9	-9	-9	-9	-9	-9	-9	-9	-9	-9	-9	-9	-9	FIBROBLAST
HS895T_FIBROBLAST..ACH.000043.	-9	-9	-9	-9	-9	-9	-9	-9	-9	-9	-9	-9	-9	-9	-9	-9	-9	-9	-9	-9	-9	-9	-9	-9	FIBROBLAST
HS934T_FIBROBLAST..ACH.000194.	-9	-9	-9	-9	-9	-9	-9	-9	-9	-9	-9	-9	-9	-9	-9	-9	-9	-9	-9	-9	-9	-9	-9	-9	FIBROBLAST
HS936T_SKIN..ACH.000801.	3.9897	0.2207	0.1732	2.825	0	1.5988	0.02243	0	0.3202	0.001392	0.2465	5.0763	5.0778	3.7454	0.3558	0.2561	0.4376	0.5499	0.6888	0.1109	0.2688	0.2364	1.5226	1.6372	SKIN
HS939T_SKIN..ACH.000814.	5.1729	0.07816	0.5327	2.5274	0.1288	-9	0.445	0.1568	1.3325	0.6022	0.2051	3.864	4.5715	3.25	0.5095	0.1208	0.8439	1.2778	1.0122	0.08454	0.2371	0.7845	1.5029	1.4242	SKIN
HS940T_FIBROBLAST..ACH.000135.	-9	-9	-9	-9	-9	-9	-9	-9	-9	-9	-9	-9	-9	-9	-9	-9	-9	-9	-9	-9	-9	-9	-9	-9	FIBROBLAST
HS944T_SKIN..ACH.000632.	3.4641	0.919	0.7203	2.5552	0.3722	4.1102	0.1918	0.2636	3.0047	0.2055	0.4258	6.4682	4.3351	3.1033	0.2519	0.71	0.3612	0.7113	2.182	0.6535	0.8553	1.2664	3.7638	0.7532	SKIN
HSC2_UPPER_AERODIGESTIVE_TRACT..ACH.000472.	3.1995	0.1172	0.7791	0.0567	0.6125	3.5079	0.1213	0.5269	0.2136	0.2326	0.3311	4.6615	3.2598	0.2316	0	0.03532	0.2599	0.2626	0.6273	1.0356	0.1918	0.5043	3.8791	1.682	UPPER_AERODIGESTIVE_TRACT
HSC3_UPPER_AERODIGESTIVE_TRACT..ACH.000778.	-9	-9	-9	-9	-9	-9	-9	-9	-9	-9	-9	-9	-9	-9	-9	-9	-9	-9	-9	-9	-9	-9	-9	-9	UPPER_AERODIGESTIVE_TRACT
HSC4_UPPER_AERODIGESTIVE_TRACT..ACH.000546.	-9	-9	-9	-9	-9	-9	-9	-9	-9	-9	-9	-9	-9	-9	-9	-9	-9	-9	-9	-9	-9	-9	-9	-9	UPPER_AERODIGESTIVE_TRACT
HT1080_SOFT_TISSUE..ACH.000054.	4.0847	0.6785	0.1531	1.8734	0.02918	-9	0.1955	0.2133	0.9264	-9	0.4817	6.7248	4.6286	2.4808	0.03595	0.8244	0.2556	0.07934	1.7451	0.1179	0.5672	0.5673	3.3672	0.6356	SOFT_TISSUE
HT115_LARGE_INTESTINE..ACH.000986.	-9	-9	-9	-9	-9	-9	-9	-9	-9	-9	-9	-9	-9	-9	-9	-9	-9	-9	-9	-9	-9	-9	-9	-9	LARGE_INTESTINE
HT1197_URINARY_TRACT..ACH.000547.	1.8151	1.5118	0.7165	1.1711	0.2642	1.3475	0.04266	0.3532	0.358	0.06098	0.3538	1.967	4.3308	2.0249	0	0.2529	0.008045	0	1.8252	0.1303	1.032	0.6075	0.7309	1.0391	URINARY_TRACT
HT1376_URINARY_TRACT..ACH.000724.	3.2082	0.9099	1.657	0.7726	1.4249	1.5047	0.04978	1.0678	0.5259	0.2472	0.6192	3.9561	3.9747	1.0196	0.1599	0.765	0.4499	0.5576	2.1599	0.3819	1.6853	1.4078	0.1703	1.6519	URINARY_TRACT
HT144_SKIN..ACH.000322.	4.3186	0.8903	0.3266	2.8194	0.5338	2.7864	0.3225	0.5575	0.4271	0.8419	0.5415	4.6768	4.0197	4.4659	0.01489	0.6186	0.2313	2.267	2.8681	0.6104	1.1289	1.11	2.9211	0.8201	SKIN
HT29_LARGE_INTESTINE..ACH.000552.	5.3135	1.8932	0.9439	4.148	0	3.1076	0.1403	0.8029	0.1759	0.4398	0.3962	6.2246	4.5754	4.683	0.343	0.5708	0.2648	1.6266	2.0208	0.658	2.1444	0.9653	2.4461	1.2904	LARGE_INTESTINE
HT55_LARGE_INTESTINE..ACH.000926.	-9	-9	-9	-9	-9	-9	-9	-9	-9	-9	-9	-9	-9	-9	-9	-9	-9	-9	-9	-9	-9	-9	-9	-9	LARGE_INTESTINE
HT_HAEMATOPOIETIC_AND_LYMPHOID_TISSUE..ACH.000914.	4.4626	0.472	0.7877	1.5451	0.6185	-9	2.0354	0.5864	0.9452	0.05258	0.9368	6.6008	6.1087	0.9237	0.3291	1.4918	0.3471	0	1.7105	1.8156	2.4755	0.2781	4.0798	0.7499	HAEMATOPOIETIC_AND_LYMPHOID_TISSUE
HUG1N_STOMACH..ACH.000239.	-9	-9	-9	-9	-9	-9	-9	-9	-9	-9	-9	-9	-9	-9	-9	-9	-9	-9	-9	-9	-9	-9	-9	-9	STOMACH
HUH1_LIVER..ACH.000475.	2.7021	1.4368	0.5394	0.1214	0.4804	2.3966	0	0.3326	0.04504	0.2987	0.1682	4.4053	3.2468	0.2633	0.559	0.4129	0.1365	0.09978	1.0498	0.1994	1.3823	0.9419	2.5865	0.3792	LIVER
HUH6_LIVER..ACH.000671.	-9	-9	-9	-9	-9	-9	-9	-9	-9	-9	-9	-9	-9	-9	-9	-9	-9	-9	-9	-9	-9	-9	-9	-9	LIVER
HUH7_LIVER..ACH.000480.	-9	-9	-9	-9	-9	-9	-9	-9	-9	-9	-9	-9	-9	-9	-9	-9	-9	-9	-9	-9	-9	-9	-9	-9	LIVER
HUNS1_HAEMATOPOIETIC_AND_LYMPHOID_TISSUE..ACH.000829.	-9	-9	-9	-9	-9	-9	-9	-9	-9	-9	-9	-9	-9	-9	-9	-9	-9	-9	-9	-9	-9	-9	-9	-9	HAEMATOPOIETIC_AND_LYMPHOID_TISSUE
HUPT3_PANCREAS..ACH.000118.	2.5525	0.5173	0.7185	1.6739	0.2869	2.011	0	0.1481	0.6851	0.1507	0.3224	4.484	3.932	2.2718	0.3721	0.391	0.1855	0.1687	0.9198	0.1761	0.1825	0.7941	1.9046	1.1563	PANCREAS
HUPT4_PANCREAS..ACH.000213.	4.9176	2.0752	2.4276	2.1476	1.4576	-9	0.618	1.1058	1.409	1.2267	1.0421	5.8226	5.0741	4.3231	1.2859	1.6044	0.7677	0	2.2658	0.15	2.8087	0.9989	4.3506	2.3812	PANCREAS
HUT102_HAEMATOPOIETIC_AND_LYMPHOID_TISSUE..ACH.000612.	-9	-9	-9	-9	-9	-9	-9	-9	-9	-9	-9	-9	-9	-9	-9	-9	-9	-9	-9	-9	-9	-9	-9	-9	HAEMATOPOIETIC_AND_LYMPHOID_TISSUE
HUT78_HAEMATOPOIETIC_AND_LYMPHOID_TISSUE..ACH.000509.	3.4997	1.68	1.2907	4.2205	0.7256	-9	0.7216	0.7425	2.1283	1.4199	1.0177	6.5788	6.2215	5.1608	0.6579	1.9154	1.2301	0.109	1.7692	0.7262	1.8444	1.1536	4.0129	1.5493	HAEMATOPOIETIC_AND_LYMPHOID_TISSUE
IALM_LUNG..ACH.000672.	1.1265	1.0362	0.3366	0.1423	0.3108	2.821	0.08142	0.8124	0.5557	0.5739	0.3516	1.3967	3.8931	0.9959	0.2366	0.5516	0.6265	0.3496	2.2068	0.8639	0.4315	0.5726	2.475	0.8879	LUNG
IGR1_SKIN..ACH.000882.	-9	-9	-9	-9	-9	-9	-9	-9	-9	-9	-9	-9	-9	-9	-9	-9	-9	-9	-9	-9	-9	-9	-9	-9	SKIN
IGR37_SKIN..ACH.000650.	3.0876	1.4834	0.6652	3.6362	0.3618	3.7394	0.2019	0.4278	0.4557	0.8076	0.5574	6.1199	4.655	4.6732	0.9764	1.0685	0.03001	2.2723	2.0066	0.7135	1.4119	0.6398	2.9305	0.5995	SKIN
IGR39_SKIN..ACH.000550.	2.3156	0.7806	1.3605	0.575	0.4376	2.7698	0.09005	0.08543	0.8244	0.1603	0.2199	5.1485	3.1685	1.2794	0.08489	0.6601	0.6169	0.187	1.7809	0.2575	0.8205	0.7215	2.5969	0.896	SKIN
IGROV1_OVARY..ACH.000966.	2.6076	0.3161	1.9254	0.6622	1.1493	2.3182	0	0.8646	0.06797	0.4447	0.2323	3.7989	4.0604	1.8264	0.01444	0.1002	0.05415	-9	1.889	0.8575	0.568	0.8688	3.0213	-9	OVARY
IM95_STOMACH..ACH.000919.	5.2425	1.8968	1.59	4.5529	2.1284	-9	2.1175	1.3837	1.4143	2	0.4315	6.4774	5.6788	3.5032	2.7932	1.8964	2.4817	1.0346	1.4441	0.4556	0.4255	1.7889	2.9373	2.539	STOMACH
IMR32_AUTONOMIC_GANGLIA..ACH.000310.	1.7962	1.434	1.7157	0.192	0	-9	0.008973	0.2626	0.3256	0.933	1.9315	7.4776	4.644	0.7572	1.2198	1.4072	0.4065	0.9383	1.7529	0.024	2.4557	1.5986	5.2822	0.6165	AUTONOMIC_GANGLIA
INA6_HAEMATOPOIETIC_AND_LYMPHOID_TISSUE..ACH.000512.	-9	-9	-9	-9	-9	-9	-9	-9	-9	-9	-9	-9	-9	-9	-9	-9	-9	-9	-9	-9	-9	-9	-9	-9	HAEMATOPOIETIC_AND_LYMPHOID_TISSUE
IOMMLEE_CENTRAL_NERVOUS_SYSTEM..ACH.000629.	-9	-9	-9	-9	-9	-9	-9	-9	-9	-9	-9	-9	-9	-9	-9	-9	-9	-9	-9	-9	-9	-9	-9	-9	CENTRAL_NERVOUS_SYSTEM
IPC298_SKIN..ACH.000915.	3.5373	0.9805	0.04946	3.8036	0.5104	3.1056	0.1943	0.2847	0.1968	0.2386	0.01412	5.3262	4.117	5.61	0.09373	0.1298	0.1498	0.5122	3.249	0.6293	0.4449	1.4256	2.6856	0.7882	SKIN
ISHIKAWAHERAKLIO02ER_ENDOMETRIUM..ACH.000961.	4.4612	0.6813	0.8908	1.2402	1.7752	-9	0.5113	0.9137	1.8825	-9	1.2014	7.0334	5.2869	1.396	-9	0.9138	1.4672	0.6903	-9	0.863	1.4667	1.8453	3.489	1.9159	ENDOMETRIUM
J82_URINARY_TRACT..ACH.000396.	2.8006	0.5417	0.321	0.8117	0.3626	-9	0.003353	0.07309	0.8301	-9	0.2029	3.7283	3.699	0.7796	0.01258	0.2938	0.7733	0.05758	0.6166	0	0.3088	0.6612	3.0246	0.8977	URINARY_TRACT
JEKO1_HAEMATOPOIETIC_AND_LYMPHOID_TISSUE..ACH.000357.	-9	-9	-9	-9	-9	-9	-9	-9	-9	-9	-9	-9	-9	-9	-9	-9	-9	-9	-9	-9	-9	-9	-9	-9	HAEMATOPOIETIC_AND_LYMPHOID_TISSUE
JHESOAD1_OESOPHAGUS..ACH.000216.	-9	-9	-9	-9	-9	-9	-9	-9	-9	-9	-9	-9	-9	-9	-9	-9	-9	-9	-9	-9	-9	-9	-9	-9	OESOPHAGUS
JHH1_LIVER..ACH.000620.	-9	-9	-9	-9	-9	-9	-9	-9	-9	-9	-9	-9	-9	-9	-9	-9	-9	-9	-9	-9	-9	-9	-9	-9	LIVER
JHH2_LIVER..ACH.000577.	1.9145	0.6633	1.6623	0.3716	0.4617	2.7736	0.04782	0.4059	0.286	0.4738	0.1904	3.9899	4.3211	0.9955	0.04275	0.4645	0.02149	0.2102	1.0566	0.1974	0.3419	0.6265	2.203	1.7901	LIVER
JHH4_LIVER..ACH.000476.	0.8741	0.6781	1.0493	0.9964	0.4773	3.466	0.003237	0.9322	1.1443	0.5288	0.4071	4.1514	4.399	1.2402	0.1503	0.4427	0.6874	0.7605	0.9857	0.7286	0.4165	0.1252	4.2614	1.4705	LIVER
JHH5_LIVER..ACH.000734.	4.6117	1.2766	1.4841	1.1148	1.4192	-9	0.3826	1.8201	0.1843	-9	0.1139	4.7876	4.4314	2.5049	-9	0.3285	0.0742	0.06765	1.0799	0.3623	0.868	0.3701	4.1015	2.5902	LIVER
JHH6_LIVER..ACH.000217.	2.2829	0.05775	0.3986	0	0.01655	0.5917	0.08491	0	0.0335	0.02888	0.1078	2.9703	2.822	0.1574	0.03619	0.1223	0	0.05661	0.3966	0.02019	0.03916	0.1206	0.1861	1.0895	LIVER
JHH7_LIVER..ACH.000848.	4.2024	1.6698	0.6958	1.5053	0.6282	-9	-9	0.9747	0.9234	-9	0.8485	6.0801	4.4785	2.2898	-9	0.7837	1.4814	0.8328	-9	1.0576	2.3994	1.8163	3.2097	1.6495	LIVER
JHOC5_OVARY..ACH.000324.	-9	-9	-9	-9	-9	-9	-9	-9	-9	-9	-9	-9	-9	-9	-9	-9	-9	-9	-9	-9	-9	-9	-9	-9	OVARY
JHOM1_OVARY..ACH.000237.	-9	-9	-9	-9	-9	-9	-9	-9	-9	-9	-9	-9	-9	-9	-9	-9	-9	-9	-9	-9	-9	-9	-9	-9	OVARY
JHOM2B_OVARY..ACH.000333.	-9	-9	-9	-9	-9	-9	-9	-9	-9	-9	-9	-9	-9	-9	-9	-9	-9	-9	-9	-9	-9	-9	-9	-9	OVARY
JHOS2_OVARY..ACH.000132.	1.9626	1.2322	0.4457	1.2776	0.1802	-9	0.5928	0.5668	1.1132	0.5389	0.4878	4.1841	3.0253	1.0772	0.03892	0.3298	0.5548	0.6494	1.0853	0	0.7772	0.7762	2.3488	1.3901	OVARY
JHOS4_OVARY..ACH.000584.	1.6599	1.549	1.733	0.6264	0.9895	-9	0.4816	1.0099	2.5589	1.2189	0.7082	5.2994	3.1822	0.6151	0	0.7615	0.495	0.2998	1.1065	0.2538	1.3722	1.098	2.2804	1.9067	OVARY
JHUEM1_ENDOMETRIUM..ACH.000928.	-9	-9	-9	-9	-9	-9	-9	-9	-9	-9	-9	-9	-9	-9	-9	-9	-9	-9	-9	-9	-9	-9	-9	-9	ENDOMETRIUM
JHUEM2_ENDOMETRIUM..ACH.000909.	4.8857	0.4333	0.5545	0.1476	0.1292	-9	0.5642	0.1097	0.5591	-9	0.9028	6.1947	5.1923	0.8896	-9	1.1936	0.4778	0.5751	-9	0.4216	1.377	1.4968	4.3234	1.6028	ENDOMETRIUM
JHUEM3_ENDOMETRIUM..ACH.000173.	-9	-9	-9	-9	-9	-9	-9	-9	-9	-9	-9	-9	-9	-9	-9	-9	-9	-9	-9	-9	-9	-9	-9	-9	ENDOMETRIUM
JHUEM7_ENDOMETRIUM..ACH.000993.	-9	-9	-9	-9	-9	-9	-9	-9	-9	-9	-9	-9	-9	-9	-9	-9	-9	-9	-9	-9	-9	-9	-9	-9	ENDOMETRIUM
JIMT1_BREAST..ACH.000711.	-9	-9	-9	-9	-9	-9	-9	-9	-9	-9	-9	-9	-9	-9	-9	-9	-9	-9	-9	-9	-9	-9	-9	-9	BREAST
JJN3_HAEMATOPOIETIC_AND_LYMPHOID_TISSUE..ACH.000653.	-9	-9	-9	-9	-9	-9	-9	-9	-9	-9	-9	-9	-9	-9	-9	-9	-9	-9	-9	-9	-9	-9	-9	-9	HAEMATOPOIETIC_AND_LYMPHOID_TISSUE
JK1_HAEMATOPOIETIC_AND_LYMPHOID_TISSUE..ACH.000241.	-9	-9	-9	-9	-9	-9	-9	-9	-9	-9	-9	-9	-9	-9	-9	-9	-9	-9	-9	-9	-9	-9	-9	-9	HAEMATOPOIETIC_AND_LYMPHOID_TISSUE
JM1_HAEMATOPOIETIC_AND_LYMPHOID_TISSUE..ACH.000151.	2.0988	0.2846	0.05758	0.1883	0.7337	-9	0.5253	0.143	0.1574	0.6152	0.3451	6.1963	5.2913	0.2912	0.6972	0	0.04249	0	0.5594	0.2965	0	0.2027	3.6682	0.4424	HAEMATOPOIETIC_AND_LYMPHOID_TISSUE
JMSU1_URINARY_TRACT..ACH.000753.	4.8463	1.4305	0.6231	1.3179	1.0426	3.4227	0.7145	0.1266	0.1648	0.6397	0.4729	6.0871	4.4484	1.7564	0.9204	0.7331	0.7479	0.5902	2.4805	0.7113	2.6435	2.8243	3.8976	1.7263	URINARY_TRACT
JURKAT_HAEMATOPOIETIC_AND_LYMPHOID_TISSUE..ACH.000995.	3.0827	1.2993	2.5246	1.273	1.1054	5.0107	1.2202	0.9963	0.878	0.9375	1.0682	7.2847	5.4117	0.7167	1.778	2.0558	1.009	1.4195	3.086	1.4882	2.2342	2.0581	5.3756	2.4584	HAEMATOPOIETIC_AND_LYMPHOID_TISSUE
JURLMK1_HAEMATOPOIETIC_AND_LYMPHOID_TISSUE..ACH.000326.	-9	-9	-9	-9	-9	-9	-9	-9	-9	-9	-9	-9	-9	-9	-9	-9	-9	-9	-9	-9	-9	-9	-9	-9	HAEMATOPOIETIC_AND_LYMPHOID_TISSUE
JVM2_HAEMATOPOIETIC_AND_LYMPHOID_TISSUE..ACH.000106.	-9	-9	-9	-9	-9	-9	-9	-9	-9	-9	-9	-9	-9	-9	-9	-9	-9	-9	-9	-9	-9	-9	-9	-9	HAEMATOPOIETIC_AND_LYMPHOID_TISSUE
JVM3_HAEMATOPOIETIC_AND_LYMPHOID_TISSUE..ACH.000346.	5.1094	1.0059	1.5103	3.1872	1.8084	5.795	1.8714	1.2129	1.2389	1.8695	3.1439	7.5086	5.7298	3.4643	2.6673	1.5846	0.8275	1.7807	4.4472	1.21	2.3725	2.8261	5.7118	2.893	HAEMATOPOIETIC_AND_LYMPHOID_TISSUE
K029AX_SKIN..ACH.000404.	2.73	1.4618	0.04896	2.493	0.03277	2.933	0.003384	0.6687	0.2338	0.6065	0.6093	5.2658	4.8894	3.6445	0.4534	0.5345	0.6852	1.433	2.2205	0.5472	0.8642	0.7623	2.5552	1.459	SKIN
K562_HAEMATOPOIETIC_AND_LYMPHOID_TISSUE..ACH.000551.	-9	-9	-9	-9	-9	-9	-9	-9	-9	-9	-9	-9	-9	-9	-9	-9	-9	-9	-9	-9	-9	-9	-9	-9	HAEMATOPOIETIC_AND_LYMPHOID_TISSUE
KALS1_CENTRAL_NERVOUS_SYSTEM..ACH.000231.	3.853	0.4127	1.1537	1.2031	0.3822	2.2827	0.2999	0.5346	0.7127	0.2728	0.5073	6.0363	3.7029	2.4758	0.7226	0.7377	0.2795	0.615	2.2201	0.1169	1.3825	0.6178	2.841	1.3023	CENTRAL_NERVOUS_SYSTEM
KARPAS299_HAEMATOPOIETIC_AND_LYMPHOID_TISSUE..ACH.000053.	3.0586	0.2968	0.1212	0.7473	0	-9	0	0	0.6597	0.04111	0.1569	5.9128	4.2807	1.4693	0.4576	1.2033	1.0762	0.1536	1.0229	0.09596	3.0368	0.3247	2.6928	0.2015	HAEMATOPOIETIC_AND_LYMPHOID_TISSUE
KARPAS422_HAEMATOPOIETIC_AND_LYMPHOID_TISSUE..ACH.000315.	3.0913	1.432	0.5777	0.7856	0.01967	3.6338	1.226	0.454	0.456	0.1021	0.3927	2.2649	5.1266	0.8127	0.4619	0.719	1.0764	0	2.5356	0.4391	1.9474	0.7243	4.1392	0.03643	HAEMATOPOIETIC_AND_LYMPHOID_TISSUE
KARPAS620_HAEMATOPOIETIC_AND_LYMPHOID_TISSUE..ACH.000193.	3.1529	2.9271	0.863	4.2428	0.7388	2.5262	1.9258	0.4323	1.0111	0.3661	0.1505	6.8236	5.5411	4.076	1.4777	0.6391	1.0286	0.4897	1.2707	1.3176	2.6193	0.4642	2.7252	1.1093	HAEMATOPOIETIC_AND_LYMPHOID_TISSUE
KASUMI1_HAEMATOPOIETIC_AND_LYMPHOID_TISSUE..ACH.000263.	-9	-9	-9	-9	-9	-9	-9	-9	-9	-9	-9	-9	-9	-9	-9	-9	-9	-9	-9	-9	-9	-9	-9	-9	HAEMATOPOIETIC_AND_LYMPHOID_TISSUE
KASUMI2_HAEMATOPOIETIC_AND_LYMPHOID_TISSUE..ACH.000728.	4.3846	1.5103	1.2213	1.9695	1.0277	4.7985	1.192	0.1136	0.931	1.0794	1.0186	6.5453	6.4096	2.1986	1.2846	0.7177	1.0151	0.6096	2.2936	0.941	1.0007	1.5712	4.5603	1.161	HAEMATOPOIETIC_AND_LYMPHOID_TISSUE
KASUMI6_HAEMATOPOIETIC_AND_LYMPHOID_TISSUE..ACH.000166.	-9	-9	-9	-9	-9	-9	-9	-9	-9	-9	-9	-9	-9	-9	-9	-9	-9	-9	-9	-9	-9	-9	-9	-9	HAEMATOPOIETIC_AND_LYMPHOID_TISSUE
KATOIII_STOMACH..ACH.000793.	-9	-9	-9	-9	-9	-9	-9	-9	-9	-9	-9	-9	-9	-9	-9	-9	-9	-9	-9	-9	-9	-9	-9	-9	STOMACH
KCL22_HAEMATOPOIETIC_AND_LYMPHOID_TISSUE..ACH.000983.	4.7185	0.8817	3.2752	3.1959	0.6935	4.4124	1.3594	0.9807	1.2877	5.6277	0.644	7.0551	5.8635	3.6923	1.2449	2.7737	1.9724	0.3954	2.4167	1.6803	2.1484	1.5281	4.5702	2.5777	HAEMATOPOIETIC_AND_LYMPHOID_TISSUE
KD_SOFT_TISSUE..ACH.001099.	-9	-9	-9	-9	-9	-9	-9	-9	-9	-9	-9	-9	-9	-9	-9	-9	-9	-9	-9	-9	-9	-9	-9	-9	SOFT_TISSUE
KE37_HAEMATOPOIETIC_AND_LYMPHOID_TISSUE..ACH.000101.	-9	-9	-9	-9	-9	-9	-9	-9	-9	-9	-9	-9	-9	-9	-9	-9	-9	-9	-9	-9	-9	-9	-9	-9	HAEMATOPOIETIC_AND_LYMPHOID_TISSUE
KE39_STOMACH..ACH.000507.	2.8221	1.5188	0.4174	0.3826	1.0481	-9	0.06147	1.1427	0.3899	0.5221	0.4792	4.0212	3.8736	1.0631	0.5574	0.3858	0.3528	0	1.2418	0.4823	1.1325	0.6301	1.9144	1.2628	STOMACH
KE97_HAEMATOPOIETIC_AND_LYMPHOID_TISSUE..ACH.000167.	3.6685	0.6478	1.0054	0.4438	0.8743	5.0752	0.876	0.233	0.4415	0.2995	0.9093	7.3811	5.6306	0.4468	0.6872	0.7684	0.4237	0.828	2.7114	0.6616	1.5231	1.8613	5.4387	1.3015	HAEMATOPOIETIC_AND_LYMPHOID_TISSUE
KELLY_AUTONOMIC_GANGLIA..ACH.000259.	2.0176	0.7389	0.499	0.4287	0.2575	-9	0.03601	0.1516	0.1127	-9	0.203	4.7326	4.6979	0.9878	-9	0.7127	0.4493	0.2889	-9	0.4258	1.6594	0.4625	3.7898	0.5221	AUTONOMIC_GANGLIA
KG1C_CENTRAL_NERVOUS_SYSTEM..ACH.000126.	-9	-9	-9	-9	-9	-9	-9	-9	-9	-9	-9	-9	-9	-9	-9	-9	-9	-9	-9	-9	-9	-9	-9	-9	CENTRAL_NERVOUS_SYSTEM
KG1_HAEMATOPOIETIC_AND_LYMPHOID_TISSUE..ACH.000386.	2.3487	0.7337	0	1.3541	0.9725	2.8217	0	0.5561	0.7313	0.6361	1.2248	4.9233	5.646	3.2569	0.8043	1.0949	0.6818	0.6241	2.8447	0.8453	2.5558	3.1467	2.984	3.3595	HAEMATOPOIETIC_AND_LYMPHOID_TISSUE
KHM1B_HAEMATOPOIETIC_AND_LYMPHOID_TISSUE..ACH.000564.	3.4416	3.717	0.4197	2.674	1.043	4.2888	1.7798	1.1746	0.3238	1.8774	0.7887	6.2541	5.8292	3.0813	1.9908	1.9573	1.1948	0.2295	1.0632	0.9919	4.532	0.5264	4.8473	0.8516	HAEMATOPOIETIC_AND_LYMPHOID_TISSUE
KIJK_HAEMATOPOIETIC_AND_LYMPHOID_TISSUE..ACH.000773.	-9	-9	-9	-9	-9	-9	-9	-9	-9	-9	-9	-9	-9	-9	-9	-9	-9	-9	-9	-9	-9	-9	-9	-9	HAEMATOPOIETIC_AND_LYMPHOID_TISSUE
KLE_ENDOMETRIUM..ACH.000293.	1.7971	0.5976	1.5831	0.406	0.7291	1.9354	0.1714	0.6419	0.7563	0.5632	0.9586	2.7287	4.3321	1.1681	0.7329	0.7625	0.7342	0.3276	1.1131	0.6244	0.3371	0.898	1.4401	1.6344	ENDOMETRIUM
KM12_LARGE_INTESTINE..ACH.000969.	-9	-9	-9	-9	-9	-9	-9	-9	-9	-9	-9	-9	-9	-9	-9	-9	-9	-9	-9	-9	-9	-9	-9	-9	LARGE_INTESTINE
KMBC2_URINARY_TRACT..ACH.000862.	4.2994	0.3949	0.01229	1.2196	0.1784	2.1382	0	0.4407	0.7617	0.01426	0.2796	5.1202	4.6034	2.3614	0.1997	0.113	0.8383	0	1.3711	0	0.3795	0.6439	2.1438	0.6459	URINARY_TRACT
KMH2_HAEMATOPOIETIC_AND_LYMPHOID_TISSUE..ACH.000815.	-9	-9	-9	-9	-9	-9	-9	-9	-9	-9	-9	-9	-9	-9	-9	-9	-9	-9	-9	-9	-9	-9	-9	-9	HAEMATOPOIETIC_AND_LYMPHOID_TISSUE
KMM1_HAEMATOPOIETIC_AND_LYMPHOID_TISSUE..ACH.000889.	3.5771	1.8889	0.7628	2.0524	0.2421	3.531	1.3131	1.158	0.3667	1.5839	0.3706	6.5537	5.5777	2.3543	0.9088	0.9584	1.5408	0.1556	1.0642	1.6069	2.7704	0.6123	3.6748	0.834	HAEMATOPOIETIC_AND_LYMPHOID_TISSUE
KMRC1_KIDNEY..ACH.000684.	2.7651	1.1574	1.6644	0.703	0.8457	2.3962	0.7012	0.4486	0.1215	0.1906	0.834	4.304	3.2386	1.5562	0.7256	0.4754	0.3043	0.2211	1.3821	0.337	0.8743	1.2307	2.4108	1.5469	KIDNEY
KMRC20_KIDNEY..ACH.000250.	-9	-9	-9	-9	-9	-9	-9	-9	-9	-9	-9	-9	-9	-9	-9	-9	-9	-9	-9	-9	-9	-9	-9	-9	KIDNEY
KMRC2_KIDNEY..ACH.000709.	2.2171	0.8069	2.8096	0.5113	0.505	1.6298	0	0.7808	0.4269	0.1628	0.8298	3.9946	3.2458	1.0423	0	0.9416	0.05675	0.5086	1.4841	0.4541	1.8094	0.6557	2.3736	2.2647	KIDNEY
KMRC3_KIDNEY..ACH.000313.	-9	-9	-9	-9	-9	-9	-9	-9	-9	-9	-9	-9	-9	-9	-9	-9	-9	-9	-9	-9	-9	-9	-9	-9	KIDNEY
KMS18_HAEMATOPOIETIC_AND_LYMPHOID_TISSUE..ACH.000658.	-9	-9	-9	-9	-9	-9	-9	-9	-9	-9	-9	-9	-9	-9	-9	-9	-9	-9	-9	-9	-9	-9	-9	-9	HAEMATOPOIETIC_AND_LYMPHOID_TISSUE
KMS11_HAEMATOPOIETIC_AND_LYMPHOID_TISSUE..ACH.000714.	5.4708	3.2272	0.3816	1.1922	0.2748	3.367	0.9272	1.0317	0.9629	2.0814	1.1197	7.4167	5.3877	1.1908	1.8915	1.1346	1.3851	0.5022	2.4387	2.1886	3.1159	2.8555	2.9832	2.0596	HAEMATOPOIETIC_AND_LYMPHOID_TISSUE
KMS12BM_HAEMATOPOIETIC_AND_LYMPHOID_TISSUE..ACH.000380.	4.355	2.4135	0.2465	1.3018	1.0481	-9	1.3154	0.7467	0.2931	1.1375	1.1578	7.086	6.804	1.3436	2.4095	0.4616	0.4828	0.4044	2.193	0.3402	1.8171	1.2077	3.8314	1.1307	HAEMATOPOIETIC_AND_LYMPHOID_TISSUE
KMS20_HAEMATOPOIETIC_AND_LYMPHOID_TISSUE..ACH.000426.	-9	-9	-9	-9	-9	-9	-9	-9	-9	-9	-9	-9	-9	-9	-9	-9	-9	-9	-9	-9	-9	-9	-9	-9	HAEMATOPOIETIC_AND_LYMPHOID_TISSUE
KMS21BM_HAEMATOPOIETIC_AND_LYMPHOID_TISSUE..ACH.000598.	-9	-9	-9	-9	-9	-9	-9	-9	-9	-9	-9	-9	-9	-9	-9	-9	-9	-9	-9	-9	-9	-9	-9	-9	HAEMATOPOIETIC_AND_LYMPHOID_TISSUE
KMS26_HAEMATOPOIETIC_AND_LYMPHOID_TISSUE..ACH.000588.	3.7881	2.0005	0.1371	0.708	1.1015	4.3181	0.816	0.9961	0.3087	0.8691	1.0225	7.1779	6.6543	1.5045	2.0179	1.5335	0.3177	0.02725	0.6449	0.8896	2.8381	1.8328	4.5726	1.2516	HAEMATOPOIETIC_AND_LYMPHOID_TISSUE
KMS27_HAEMATOPOIETIC_AND_LYMPHOID_TISSUE..ACH.000576.	-9	-9	-9	-9	-9	-9	-9	-9	-9	-9	-9	-9	-9	-9	-9	-9	-9	-9	-9	-9	-9	-9	-9	-9	HAEMATOPOIETIC_AND_LYMPHOID_TISSUE
KMS28BM_HAEMATOPOIETIC_AND_LYMPHOID_TISSUE..ACH.000419.	-9	-9	-9	-9	-9	-9	-9	-9	-9	-9	-9	-9	-9	-9	-9	-9	-9	-9	-9	-9	-9	-9	-9	-9	HAEMATOPOIETIC_AND_LYMPHOID_TISSUE
KMS34_HAEMATOPOIETIC_AND_LYMPHOID_TISSUE..ACH.000541.	3.5192	2.91	0.5543	0.7945	0.2969	4.8773	2.1505	1.361	0.4994	1.4553	0.3091	6.6117	5.8871	0.3285	1.8031	1.6563	0.7987	1.258	1.1614	1.2637	3.5637	1.2422	5.0621	0.6458	HAEMATOPOIETIC_AND_LYMPHOID_TISSUE
KNS42_CENTRAL_NERVOUS_SYSTEM..ACH.000622.	2.789	1.268	0.6949	0.9356	0.0282	2.4491	0.2855	0.216	1.0396	0.3225	0.3687	5.2136	3.6298	0.5834	0.5809	0.4066	0.6865	0.5032	1.378	0.3099	1.4364	0.7234	2.0429	1.3425	CENTRAL_NERVOUS_SYSTEM
KNS60_CENTRAL_NERVOUS_SYSTEM..ACH.000445.	4.1338	0.8646	0	1.1826	0.161	2.9539	0.4312	0	1.8433	0.2903	0.4705	6.8034	4.7173	1.7332	1.0592	0.3137	0.9126	0.01322	1.4383	0.4594	0.8137	0.8267	3.3792	0.544	CENTRAL_NERVOUS_SYSTEM
KNS62_LUNG..ACH.000858.	3.6717	0.5156	0.2138	1.1768	0.1777	-9	0.3271	0.2334	0.9201	-9	0.03943	4.9409	4.2741	1.9951	-9	0.208	0.8163	0.2596	0.5655	0.0401	0.127	0.3008	2.5993	1.0744	LUNG
KNS81_CENTRAL_NERVOUS_SYSTEM..ACH.000479.	2.0891	1.2942	1.0272	1.062	0.5309	2.6355	0.8903	0.484	0.5032	0.5671	0.6712	4.5833	3.703	1.4195	1.0933	0.3542	0.5666	0.3015	1.6155	0.1781	1.3852	1.0118	3.0377	1.7264	CENTRAL_NERVOUS_SYSTEM
KO52_HAEMATOPOIETIC_AND_LYMPHOID_TISSUE..ACH.000498.	2.6941	0.8602	0.4784	5.0531	0.6706	4.3871	1.3271	0.06963	1.1233	0.764	0.4614	6.1507	5.8283	5.0744	1.6632	1.7782	1.2709	0.6209	3.1142	1.6474	1.7366	2.1507	5.1368	1.5751	HAEMATOPOIETIC_AND_LYMPHOID_TISSUE
KOPN8_HAEMATOPOIETIC_AND_LYMPHOID_TISSUE..ACH.001106.	-9	-9	-9	-9	-9	-9	-9	-9	-9	-9	-9	-9	-9	-9	-9	-9	-9	-9	-9	-9	-9	-9	-9	-9	HAEMATOPOIETIC_AND_LYMPHOID_TISSUE
KP2_PANCREAS..ACH.000281.	2.7758	1.5709	0.3689	2.2262	0.1607	1.234	0	0.2996	0.04091	0.2871	0.338	4.8529	3.2117	3.2738	0.03334	0.393	0	-9	0.894	0.2155	1.6607	0.6834	1.099	-9	PANCREAS
KP3_PANCREAS..ACH.000108.	3.0933	0.4973	1.2097	0.1945	0.2328	1.5558	0	0.09769	0.3274	0.4622	0.8851	4.864	3.5037	1.7013	0.341	0.4304	0.008632	0.5426	1.4921	0.8425	1.3057	0.4566	2.197	0.4319	PANCREAS
KP4_PANCREAS..ACH.000265.	4.4144	1.0599	0.4543	1.0904	0.21	3.2093	0.7225	0.212	0.1999	0.3059	0	6.5694	3.9219	1.7523	0.5408	1.9426	0.6425	0.1093	1.5502	0.691	1.1314	0.9038	2.3036	0.7623	PANCREAS
KPL1_BREAST..ACH.000028.	-9	-9	-9	-9	-9	-9	-9	-9	-9	-9	-9	-9	-9	-9	-9	-9	-9	-9	-9	-9	-9	-9	-9	-9	BREAST
KPMRTRY_SOFT_TISSUE..ACH.001109.	-9	-9	-9	-9	-9	-9	-9	-9	-9	-9	-9	-9	-9	-9	-9	-9	-9	-9	-9	-9	-9	-9	-9	-9	SOFT_TISSUE
KPNRTBM1_AUTONOMIC_GANGLIA..ACH.000345.	-9	-9	-9	-9	-9	-9	-9	-9	-9	-9	-9	-9	-9	-9	-9	-9	-9	-9	-9	-9	-9	-9	-9	-9	AUTONOMIC_GANGLIA
KPNSI9S_AUTONOMIC_GANGLIA..ACH.000446.	4.6858	2.2083	1.095	2.9897	0.8298	5.1446	1.117	1.0477	0.9537	1.1281	0.9006	6.2491	5.3488	3.7935	2.1291	1.823	1.1746	0.7281	1.9702	0.7751	2.6934	1.4316	4.8915	1.1913	AUTONOMIC_GANGLIA
KPNYN_AUTONOMIC_GANGLIA..ACH.000227.	-9	-9	-9	-9	-9	-9	-9	-9	-9	-9	-9	-9	-9	-9	-9	-9	-9	-9	-9	-9	-9	-9	-9	-9	AUTONOMIC_GANGLIA
KS1_CENTRAL_NERVOUS_SYSTEM..ACH.000631.	-9	-9	-9	-9	-9	-9	-9	-9	-9	-9	-9	-9	-9	-9	-9	-9	-9	-9	-9	-9	-9	-9	-9	-9	CENTRAL_NERVOUS_SYSTEM
KU1919_URINARY_TRACT..ACH.000486.	-9	-9	-9	-9	-9	-9	-9	-9	-9	-9	-9	-9	-9	-9	-9	-9	-9	-9	-9	-9	-9	-9	-9	-9	URINARY_TRACT
KU812_HAEMATOPOIETIC_AND_LYMPHOID_TISSUE..ACH.000074.	3.8223	0.3537	3.0717	3.3419	0.5995	2.7764	0	0.5306	0.9883	5.016	0.1017	7.1048	4.7085	4.5708	0.7817	1.7159	0.3105	0.1505	2.0601	0	0	1.5403	3.1619	3.12	HAEMATOPOIETIC_AND_LYMPHOID_TISSUE
KURAMOCHI_OVARY..ACH.000524.	2.2269	1.4503	2.0978	2.0402	0.9836	2.4941	0.6266	1.5001	0.4443	1.27	1.6904	3.8522	3.8318	2.5424	0.9905	1.3399	1.0637	0.5705	1.5177	1.1985	3.0662	1.2387	3.0771	1.9356	OVARY
KYM1_SOFT_TISSUE..ACH.000607.	4.1346	1.5614	0.9075	1.0501	0.2845	-9	0.1716	0.2819	5.445	-9	0.7415	6.895	5.6512	1.6464	-9	0.6022	2.4325	0.1605	-9	0.6532	1.0759	1.3819	3.4304	0.93	SOFT_TISSUE
KYO1_HAEMATOPOIETIC_AND_LYMPHOID_TISSUE..ACH.000604.	-9	-9	-9	-9	-9	-9	-9	-9	-9	-9	-9	-9	-9	-9	-9	-9	-9	-9	-9	-9	-9	-9	-9	-9	HAEMATOPOIETIC_AND_LYMPHOID_TISSUE
KYSE140_OESOPHAGUS..ACH.000823.	1.6901	1.627	1.8523	0.1921	2.1105	-9	-9	2.2679	0.7395	-9	0.2324	3.5397	3.5643	1.9335	-9	0.385	1.2101	0.4187	-9	0.1106	0.808	1.4472	2.3975	1.284	OESOPHAGUS
KYSE150_OESOPHAGUS..ACH.000855.	3.8432	0.4188	0.3552	0.08227	0.7703	-9	0.2318	0.5937	0.6142	-9	0.2893	4.5075	3.4319	0.5862	-9	0.267	0	0.1422	0.8829	0.08508	0.4303	0.5562	1.5052	0.8659	OESOPHAGUS
KYSE180_OESOPHAGUS..ACH.000693.	4.5305	1.2614	1.6671	0.3191	1.55	-9	-9	1.7008	0.6691	-9	0.4469	6.5708	3.9365	0.3991	-9	1.0874	0.4611	0.5049	-9	0.3126	1.0755	0.8789	3.9397	0.786	OESOPHAGUS
KYSE270_OESOPHAGUS..ACH.000873.	-9	-9	-9	-9	-9	-9	-9	-9	-9	-9	-9	-9	-9	-9	-9	-9	-9	-9	-9	-9	-9	-9	-9	-9	OESOPHAGUS
KYSE30_OESOPHAGUS..ACH.000777.	2.8684	0.9594	1.2127	3.1061	0.9731	2.8093	0.03003	0.521	0.6556	0.4685	0.2538	5.8173	3.8094	3.742	0.09123	0.5526	0.139	0.8567	1.0124	0.466	1.2814	0.5281	2.9748	1.1229	OESOPHAGUS
KYSE410_OESOPHAGUS..ACH.000809.	3.1735	1.0965	1.2755	0.4508	0.4664	1.4083	0.1766	1.1965	0.4363	0.5324	0.1933	3.8109	4.147	1.0033	0.2584	0.6978	0.704	0.09375	0.822	0.2293	1.2969	0.2454	0.9707	1.8618	OESOPHAGUS
KYSE450_OESOPHAGUS..ACH.000865.	2.76	0.5514	1.4272	1.2877	1.4667	-9	0.7975	1.3231	0.3005	-9	0.353	5.5189	3.3199	1.4853	-9	0.3047	0.3495	0.3734	-9	0.09899	0.5987	0.5079	2.1403	1.8158	OESOPHAGUS
KYSE510_OESOPHAGUS..ACH.000824.	3.7623	1.3086	0.348	0.2195	0.3023	-9	0.2331	0.311	0.7552	-9	0.6075	6.5046	3.8037	0.04356	-9	0.1044	0.6993	0.4983	-9	0.6993	0.5215	0.8546	4.2576	0.2942	OESOPHAGUS
KYSE520_OESOPHAGUS..ACH.000637.	4.248	0.8652	1.1904	0.6335	1.2624	1.2647	0	1.037	0.672	0.6587	0.2568	5.3639	3.219	1.9066	0	0.2385	0.01816	0.2625	1.0794	0.4213	1.0372	0.3085	1.2417	1.5278	OESOPHAGUS
KYSE70_OESOPHAGUS..ACH.000784.	4.2296	2.1382	1.6009	1.3876	1.3994	-9	-9	1.3543	0.5985	-9	0.7199	5.5901	4.5453	2.7093	-9	0.6366	0.7026	0.7607	-9	0.6312	1.3801	1.5309	3.081	1.4575	OESOPHAGUS
L1236_HAEMATOPOIETIC_AND_LYMPHOID_TISSUE..ACH.000702.	-9	-9	-9	-9	-9	-9	-9	-9	-9	-9	-9	-9	-9	-9	-9	-9	-9	-9	-9	-9	-9	-9	-9	-9	HAEMATOPOIETIC_AND_LYMPHOID_TISSUE
L33_PANCREAS..ACH.000685.	3.2074	1.0032	0.3391	1.3015	1.0717	4.4701	0.1434	1.7718	0.3253	0.4161	0.3145	6.4953	4.3554	1.5302	0.1368	0.4875	0.04629	0.3614	2.1702	0.4845	0.8375	0.8761	3.5181	1.1217	PANCREAS
L363_HAEMATOPOIETIC_AND_LYMPHOID_TISSUE..ACH.000183.	5.0957	2.9187	1.4398	0.7485	1.0643	4.9078	1.0836	1.3522	3.4205	1.9171	0.7146	6.817	6.2917	1.4584	2.7606	2.4015	2.1395	0.9127	3.0544	1.6377	3.8758	2.0685	4.9954	0.791	HAEMATOPOIETIC_AND_LYMPHOID_TISSUE
L428_HAEMATOPOIETIC_AND_LYMPHOID_TISSUE..ACH.000754.	2.9575	0.5807	0.2569	0.4134	0.3904	3.2757	0.6492	0.6883	1.1121	1.1117	0.6954	4.3178	4.663	0.01169	1.2728	0.7745	0.9671	0.6253	2.5285	1.1127	0.7929	1.1036	3.0798	1.4684	HAEMATOPOIETIC_AND_LYMPHOID_TISSUE
L540_HAEMATOPOIETIC_AND_LYMPHOID_TISSUE..ACH.000806.	-9	-9	-9	-9	-9	-9	-9	-9	-9	-9	-9	-9	-9	-9	-9	-9	-9	-9	-9	-9	-9	-9	-9	-9	HAEMATOPOIETIC_AND_LYMPHOID_TISSUE
LAMA84_HAEMATOPOIETIC_AND_LYMPHOID_TISSUE..ACH.000301.	-9	-9	-9	-9	-9	-9	-9	-9	-9	-9	-9	-9	-9	-9	-9	-9	-9	-9	-9	-9	-9	-9	-9	-9	HAEMATOPOIETIC_AND_LYMPHOID_TISSUE
LC1F_LUNG..ACH.000705.	-9	-9	-9	-9	-9	-9	-9	-9	-9	-9	-9	-9	-9	-9	-9	-9	-9	-9	-9	-9	-9	-9	-9	-9	LUNG
LCLC103H_LUNG..ACH.000627.	2.8339	0.6313	0.2668	0.5019	0.26	2.0636	0.09609	0.1241	0.5048	0.1693	0.1545	5.5755	4.1846	0.16	0.1057	0.06502	0.8282	0.08282	1.366	0.4543	0.8001	0.7523	2.2263	1.4051	LUNG
LCLC97TM1_LUNG..ACH.000596.	-9	-9	-9	-9	-9	-9	-9	-9	-9	-9	-9	-9	-9	-9	-9	-9	-9	-9	-9	-9	-9	-9	-9	-9	LUNG
LI7_LIVER..ACH.000471.	-9	-9	-9	-9	-9	-9	-9	-9	-9	-9	-9	-9	-9	-9	-9	-9	-9	-9	-9	-9	-9	-9	-9	-9	LIVER
LK2_LUNG..ACH.000769.	-9	-9	-9	-9	-9	-9	-9	-9	-9	-9	-9	-9	-9	-9	-9	-9	-9	-9	-9	-9	-9	-9	-9	-9	LUNG
LMSU_STOMACH..ACH.000255.	-9	-9	-9	-9	-9	-9	-9	-9	-9	-9	-9	-9	-9	-9	-9	-9	-9	-9	-9	-9	-9	-9	-9	-9	STOMACH
LN18_CENTRAL_NERVOUS_SYSTEM..ACH.000819.	5.1669	1.4906	0.7022	0.2497	0.3233	2.4904	0.5255	0.369	1.2075	0.4477	0.1367	5.1481	4.2477	0.7033	0.05377	1.6642	1.2814	-9	1.8471	0.4215	1.3576	1.2562	3.3191	-9	CENTRAL_NERVOUS_SYSTEM
LN215_CENTRAL_NERVOUS_SYSTEM..ACH.000328.	-9	-9	-9	-9	-9	-9	-9	-9	-9	-9	-9	-9	-9	-9	-9	-9	-9	-9	-9	-9	-9	-9	-9	-9	CENTRAL_NERVOUS_SYSTEM
LN229_CENTRAL_NERVOUS_SYSTEM..ACH.000595.	4.0027	1.2309	0.9273	1.1769	0.4374	-9	0.343	0.3739	0.2781	0.7352	0.8821	5.688	3.9247	1.6776	0.6559	0.8152	0.161	0.1665	1.5223	0.4278	1.6332	0.9104	1.7406	1.0302	CENTRAL_NERVOUS_SYSTEM
LN235_CENTRAL_NERVOUS_SYSTEM..ACH.000591.	-9	-9	-9	-9	-9	-9	-9	-9	-9	-9	-9	-9	-9	-9	-9	-9	-9	-9	-9	-9	-9	-9	-9	-9	CENTRAL_NERVOUS_SYSTEM
LN319_CENTRAL_NERVOUS_SYSTEM..ACH.000128.	-9	-9	-9	-9	-9	-9	-9	-9	-9	-9	-9	-9	-9	-9	-9	-9	-9	-9	-9	-9	-9	-9	-9	-9	CENTRAL_NERVOUS_SYSTEM
LN340_CENTRAL_NERVOUS_SYSTEM..ACH.000634.	-9	-9	-9	-9	-9	-9	-9	-9	-9	-9	-9	-9	-9	-9	-9	-9	-9	-9	-9	-9	-9	-9	-9	-9	CENTRAL_NERVOUS_SYSTEM
LN382_CENTRAL_NERVOUS_SYSTEM..ACH.000215.	-9	-9	-9	-9	-9	-9	-9	-9	-9	-9	-9	-9	-9	-9	-9	-9	-9	-9	-9	-9	-9	-9	-9	-9	CENTRAL_NERVOUS_SYSTEM
LN428_CENTRAL_NERVOUS_SYSTEM..ACH.000455.	-9	-9	-9	-9	-9	-9	-9	-9	-9	-9	-9	-9	-9	-9	-9	-9	-9	-9	-9	-9	-9	-9	-9	-9	CENTRAL_NERVOUS_SYSTEM
LN443_CENTRAL_NERVOUS_SYSTEM..ACH.000673.	-9	-9	-9	-9	-9	-9	-9	-9	-9	-9	-9	-9	-9	-9	-9	-9	-9	-9	-9	-9	-9	-9	-9	-9	CENTRAL_NERVOUS_SYSTEM
LN464_CENTRAL_NERVOUS_SYSTEM..ACH.000676.	-9	-9	-9	-9	-9	-9	-9	-9	-9	-9	-9	-9	-9	-9	-9	-9	-9	-9	-9	-9	-9	-9	-9	-9	CENTRAL_NERVOUS_SYSTEM
LNZ308_CENTRAL_NERVOUS_SYSTEM..ACH.000760.	-9	-9	-9	-9	-9	-9	-9	-9	-9	-9	-9	-9	-9	-9	-9	-9	-9	-9	-9	-9	-9	-9	-9	-9	CENTRAL_NERVOUS_SYSTEM
LOUCY_HAEMATOPOIETIC_AND_LYMPHOID_TISSUE..ACH.000104.	-9	-9	-9	-9	-9	-9	-9	-9	-9	-9	-9	-9	-9	-9	-9	-9	-9	-9	-9	-9	-9	-9	-9	-9	HAEMATOPOIETIC_AND_LYMPHOID_TISSUE
LOUNH91_LUNG..ACH.000176.	2.6406	0.3336	0.8153	0.4429	1.0477	3.9008	0.1343	0.1664	0.9006	0.3538	0.08353	6.1409	3.4407	0.005301	0	0.6149	0.04844	1.1699	1.3319	1.0337	1.7266	1.1322	2.8967	1.4031	LUNG
LOVO_LARGE_INTESTINE..ACH.000950.	-9	-9	-9	-9	-9	-9	-9	-9	-9	-9	-9	-9	-9	-9	-9	-9	-9	-9	-9	-9	-9	-9	-9	-9	LARGE_INTESTINE
LOXIMVI_SKIN..ACH.000750.	4.0766	0.4342	1.2245	2.4416	0.09979	-9	0.05401	0.0391	0.6136	-9	0.5973	4.9676	4.405	2.7549	0.02421	0.6165	0.469	1.0243	1.3366	0.524	1.1578	0.6485	4.1702	0.9262	SKIN
LP1_HAEMATOPOIETIC_AND_LYMPHOID_TISSUE..ACH.000204.	3.2781	2.8798	0.4225	1.3771	0	2.5387	1.3427	1.8908	0.3876	2.2922	1.3709	3.0682	4.8948	1.7369	2.2415	2.432	0.6193	0.3489	1.0413	1.1561	2.6661	1.0434	2.64	1.7224	HAEMATOPOIETIC_AND_LYMPHOID_TISSUE
LS1034_LARGE_INTESTINE..ACH.000252.	-9	-9	-9	-9	-9	-9	-9	-9	-9	-9	-9	-9	-9	-9	-9	-9	-9	-9	-9	-9	-9	-9	-9	-9	LARGE_INTESTINE
LS123_LARGE_INTESTINE..ACH.000501.	2.3211	0.8263	0.9965	1.76	0.4793	-9	0.09287	0.4413	0.4231	0.5402	0.08035	2.9985	4.5721	1.5646	0	0.7037	0.2806	0.5484	0.8473	0.1955	1.0933	0.3334	1.307	1.5768	LARGE_INTESTINE
LS180_LARGE_INTESTINE..ACH.000957.	-9	-9	-9	-9	-9	-9	-9	-9	-9	-9	-9	-9	-9	-9	-9	-9	-9	-9	-9	-9	-9	-9	-9	-9	LARGE_INTESTINE
LS411N_LARGE_INTESTINE..ACH.000985.	4.496	1.3972	0.2772	4.2582	0.3804	-9	0.8172	0.04328	1.1581	-9	0.0771	5.834	4.8202	4.9922	-9	0.3309	0.8759	2.1759	1.4663	0.1615	1.4321	0.6282	3.1476	0.6636	LARGE_INTESTINE
LS513_LARGE_INTESTINE..ACH.000007.	4.3214	2.5798	0.9041	2.6515	1.5967	2.7359	0.8321	2.1057	0.3439	1.4159	1.4657	4.8331	5.166	4.8546	1.3037	0.6926	1.4464	0.2252	2.0386	0.9539	2.7267	1.9045	4.0027	1.7525	LARGE_INTESTINE
LU65_LUNG..ACH.000438.	-9	-9	-9	-9	-9	-9	-9	-9	-9	-9	-9	-9	-9	-9	-9	-9	-9	-9	-9	-9	-9	-9	-9	-9	LUNG
LU99_LUNG..ACH.000444.	5.2031	1.5767	0.5512	2.0438	0.8666	4.895	0.5105	0.9483	0.7001	0.5356	0.5896	6.1904	4.3637	2.6236	1.362	1.2301	0.1787	0.6577	2.4714	1.1541	1.7623	1.7953	4.6107	1.521	LUNG
LUDLU1_LUNG..ACH.000390.	3.2861	1.9451	1.1566	1.1293	1.5519	-9	0.1339	1.8359	0.9741	0.8515	1.0448	5.9003	4.4987	1.5501	0.6779	0.5817	0.1069	0.1109	1.674	0.6557	1.7285	1.0585	3.9514	1.5094	LUNG
LXF289_LUNG..ACH.000787.	-9	-9	-9	-9	-9	-9	-9	-9	-9	-9	-9	-9	-9	-9	-9	-9	-9	-9	-9	-9	-9	-9	-9	-9	LUNG
M059K_CENTRAL_NERVOUS_SYSTEM..ACH.000152.	-9	-9	-9	-9	-9	-9	-9	-9	-9	-9	-9	-9	-9	-9	-9	-9	-9	-9	-9	-9	-9	-9	-9	-9	CENTRAL_NERVOUS_SYSTEM
M07E_HAEMATOPOIETIC_AND_LYMPHOID_TISSUE..ACH.000602.	-9	-9	-9	-9	-9	-9	-9	-9	-9	-9	-9	-9	-9	-9	-9	-9	-9	-9	-9	-9	-9	-9	-9	-9	HAEMATOPOIETIC_AND_LYMPHOID_TISSUE
MALME3M_SKIN..ACH.000477.	3.6466	1.5363	0.1187	4.9654	0.2374	2.1141	0	0.5408	0.9947	1.1576	0.383	3.8672	4.7209	6.4385	0.4133	0.5432	0.269	3.0335	2.8473	0.8727	1.2676	1.2525	1.5046	0.8149	SKIN
MC116_HAEMATOPOIETIC_AND_LYMPHOID_TISSUE..ACH.000583.	3.4533	0.2977	0.09845	0	0.0005163	-9	0.1277	0.0505	0.2117	0	0.2049	6.476	3.7751	0.1658	0.7225	0.1444	0.3541	0.04864	0.0784	0.5503	0.1041	0.096	4.4146	0.9237	HAEMATOPOIETIC_AND_LYMPHOID_TISSUE
MCAS_OVARY..ACH.000796.	3.6897	0.913	0.8336	0.7299	0.05463	2.8648	0.03493	0.6464	0.3144	0.1668	0	6.4269	4.1673	2.0873	0.06381	0.612	0.02942	0	0.9551	0.4575	1.0451	0.7375	2.5156	0.8651	OVARY
MCF7_BREAST..ACH.000019.	2.2316	1.7882	0.03456	0.5816	0.3573	1.7724	0.02904	0.4242	0.2945	0.1241	0.06679	3.7399	-9	0.3616	0.1991	0.502	0	0.5813	0.01511	0	1.5781	0.3718	0.9251	0.2155	BREAST
MDAMB134VI_BREAST..ACH.000044.	-9	-9	-9	-9	-9	-9	-9	-9	-9	-9	-9	-9	-9	-9	-9	-9	-9	-9	-9	-9	-9	-9	-9	-9	BREAST
MDAMB157_BREAST..ACH.000621.	0.8792	0.7972	0.5788	0.6353	0.2684	-9	0.4268	0.1138	1.1144	0.6589	0.4724	3.8675	4.2399	0.751	0.1157	1.1257	0.01494	0.0486	1.9967	0.5498	1.1916	1.4616	3.6195	0.4384	BREAST
MDAMB175VII_BREAST..ACH.000759.	3.1627	0.8511	1.7853	0.7065	1.1964	-9	0.02118	2.3603	0.4308	0.182	0.1267	2.2575	3.7079	0.8343	0.4732	0.6365	0.1795	0.3373	0.8396	0.07455	0.2732	0.3676	1.9513	0.1716	BREAST
MDAMB231_BREAST..ACH.000768.	-9	-9	-9	-9	-9	-9	-9	-9	-9	-9	-9	-9	-9	-9	-9	-9	-9	-9	-9	-9	-9	-9	-9	-9	BREAST
MDAMB361_BREAST..ACH.000934.	-9	-9	-9	-9	-9	-9	-9	-9	-9	-9	-9	-9	-9	-9	-9	-9	-9	-9	-9	-9	-9	-9	-9	-9	BREAST
MDAMB415_BREAST..ACH.000876.	3.8425	0.5793	0.699	0.3868	0.03477	-9	0.04379	0.4949	0.6508	0.9927	0.3684	2.8461	4.546	0.3595	0.9099	0.652	0	0.05878	1.4923	0.8087	0.2655	1.1061	1.0161	0.09347	BREAST
MDAMB435S_SKIN..ACH.000884.	2.9144	1.3564	0.9781	3.0278	0.2052	3.0189	0.3488	0.5271	0.3143	1.0356	1.5895	7.026	4.4665	4.4123	1.7566	0.926	0.4811	1.7858	1.8795	0.6186	2.255	0.4622	3.6949	1.1044	SKIN
MDAMB436_BREAST..ACH.000573.	2.2556	1.1129	0.6943	0.8398	0.4275	-9	0.06644	0.2457	0.5103	0.2853	0.9866	4.6231	3.1806	0.8916	0.4081	0.8252	0.2029	0.07696	1.4521	0.2087	1.8553	0.8019	2.5255	0.4278	BREAST
MDAMB453_BREAST..ACH.000910.	5.5367	1.1017	0.1335	0	0.1473	3.9137	0.1205	1.582	0.3383	0.3012	0	5.5396	5.7776	0.9213	0.2768	0.2967	0.04652	0.1361	1.3141	0.8147	1.0628	0.5439	3.126	0.6659	BREAST
MDAMB468_BREAST..ACH.000849.	2.575	1.9311	1.016	0.9323	1.8648	3.8767	1.5567	1.4168	0.8595	0.6117	0.9397	6.075	3.384	1.5386	0.903	1.0025	0.868	0.1516	1.9761	0.8336	1.4916	1.6093	3.7305	1.8697	BREAST
MDST8_LARGE_INTESTINE..ACH.000935.	-9	-9	-9	-9	-9	-9	-9	-9	-9	-9	-9	-9	-9	-9	-9	-9	-9	-9	-9	-9	-9	-9	-9	-9	LARGE_INTESTINE
ME1_HAEMATOPOIETIC_AND_LYMPHOID_TISSUE..ACH.000439.	-9	-9	-9	-9	-9	-9	-9	-9	-9	-9	-9	-9	-9	-9	-9	-9	-9	-9	-9	-9	-9	-9	-9	-9	HAEMATOPOIETIC_AND_LYMPHOID_TISSUE
MEC1_HAEMATOPOIETIC_AND_LYMPHOID_TISSUE..ACH.000405.	2.8608	1.2566	1.79	1.2882	1.239	4.3888	1.3348	0.5553	0.3931	1.7814	0.6171	4.882	5.892	2.2155	1.2437	1.1515	1.2391	0.7567	2.5952	1.2061	1.8072	1.6761	4.2652	1.7256	HAEMATOPOIETIC_AND_LYMPHOID_TISSUE
MEG01_HAEMATOPOIETIC_AND_LYMPHOID_TISSUE..ACH.000072.	2.6177	0.5139	2.3393	1.6161	0.3546	2.651	0.2157	0.4225	0.1807	4.4689	0.26	4.1212	4.4477	3.3323	0.1798	1.5732	0.2072	0.5659	2.2312	0.1151	0.1	1.4739	2.9957	2.3796	HAEMATOPOIETIC_AND_LYMPHOID_TISSUE
MELHO_SKIN..ACH.000450.	2.0796	1.3099	0.9185	3.391	0.49	3.5391	0.1198	0.6978	0.4954	0.654	0.2398	4.24	5.0633	5.1399	0.2735	0.868	0.01668	2.9418	2.1681	0.7755	1.4747	0.9921	2.6133	1.7294	SKIN
MELJUSO_SKIN..ACH.000881.	-9	-9	-9	-9	-9	-9	-9	-9	-9	-9	-9	-9	-9	-9	-9	-9	-9	-9	-9	-9	-9	-9	-9	-9	SKIN
MESSA_SOFT_TISSUE..ACH.000449.	4.9795	0.2815	0.02141	0.4372	0	-9	0.6185	0	0.4167	0.3623	0.2745	5.6311	3.9164	0.1012	0.2707	0.6468	0	0.02023	1.1019	0.2463	0.6457	0.3533	3.7506	1.1728	SOFT_TISSUE
MEWO_SKIN..ACH.000987.	2.3806	0.3319	0.08418	0.3584	0.002914	0.9154	1.0702	0	1.0106	0	0	3.5542	3.6394	0.9748	1.0396	0.3369	0.4424	0.1847	0.9187	0.4461	0.8891	0.2702	0.4341	0.6093	SKIN
MFE280_ENDOMETRIUM..ACH.000192.	3.2444	0.5249	0.7199	0.5816	0.9432	2.0817	0.2754	0.8911	0.1119	0.3222	0.3682	3.8856	4.9023	1.4506	0.4306	0.46	0.1629	0.1392	1.5917	0.4915	0.6407	1.2541	2.3197	1.5907	ENDOMETRIUM
MFE296_ENDOMETRIUM..ACH.000879.	2.9064	0.9253	1.1319	0.314	0.6176	-9	0.4872	0.4447	1.0266	-9	0.4547	5.9629	3.909	0.6229	-9	0.5073	0.453	0.3759	1.9443	0.583	0.7959	1.3124	4.5965	1.5118	ENDOMETRIUM
MFE319_ENDOMETRIUM..ACH.000988.	2.5464	0.7763	2.3456	0.9563	1.5436	-9	0.3238	1.5418	0.8158	-9	0.5247	6.2607	4.2531	1.4756	-9	0.658	0.8592	0	-9	0.3111	0.5841	1.2325	2.5258	1.3823	ENDOMETRIUM
MG63_BONE..ACH.000359.	1.3119	1.392	0.5506	0.2346	0.1603	2.8245	0	0.1513	0.1322	0.29	0.2304	5.9739	3.6454	0.6005	0.6379	0.4803	0.02981	0.1757	0.9168	0.3812	2.2176	1.218	3.5973	0.4585	BONE
MHHCALL2_HAEMATOPOIETIC_AND_LYMPHOID_TISSUE..ACH.000020.	-9	-9	-9	-9	-9	-9	-9	-9	-9	-9	-9	-9	-9	-9	-9	-9	-9	-9	-9	-9	-9	-9	-9	-9	HAEMATOPOIETIC_AND_LYMPHOID_TISSUE
MHHCALL3_HAEMATOPOIETIC_AND_LYMPHOID_TISSUE..ACH.000032.	-9	-9	-9	-9	-9	-9	-9	-9	-9	-9	-9	-9	-9	-9	-9	-9	-9	-9	-9	-9	-9	-9	-9	-9	HAEMATOPOIETIC_AND_LYMPHOID_TISSUE
MHHCALL4_HAEMATOPOIETIC_AND_LYMPHOID_TISSUE..ACH.000156.	-9	-9	-9	-9	-9	-9	-9	-9	-9	-9	-9	-9	-9	-9	-9	-9	-9	-9	-9	-9	-9	-9	-9	-9	HAEMATOPOIETIC_AND_LYMPHOID_TISSUE
MHHES1_BONE..ACH.000391.	4.5868	2.06	3.6528	3.026	1.1808	5.3433	2.1037	1.9384	0.9377	2.5759	1.5578	7.2501	4.5822	5.2407	2.1537	1.7637	1.8206	0.9013	3.2481	1.8656	3.4513	1.2846	6.0318	1.6642	BONE
MHHNB11_AUTONOMIC_GANGLIA..ACH.000078.	-9	-9	-9	-9	-9	-9	-9	-9	-9	-9	-9	-9	-9	-9	-9	-9	-9	-9	-9	-9	-9	-9	-9	-9	AUTONOMIC_GANGLIA
MIAPACA2_PANCREAS..ACH.000601.	4.5336	1.4882	1.5617	2.824	0.07553	3.4062	0.02159	0.429	0.3787	0.259	0.23	5.7431	5.4217	3.7488	0.3324	1.0965	0.5045	0.1083	1.3487	0.7994	2.0974	0.735	3.8799	1.3838	PANCREAS
MINO_HAEMATOPOIETIC_AND_LYMPHOID_TISSUE..ACH.000220.	4.9855	0.5617	0.05838	0.2098	1.1327	4.7234	0.007163	0.8071	0.4018	0	0.1098	7.1403	5.6889	0.249	1.0717	1.1621	0.1203	0.6648	2.1272	0.002441	1.8164	1.6047	4.5568	0.7281	HAEMATOPOIETIC_AND_LYMPHOID_TISSUE
MJ_HAEMATOPOIETIC_AND_LYMPHOID_TISSUE..ACH.000077.	4.5197	0.7745	0.3153	0.3342	0.007088	-9	0.1173	0.2492	0.2184	0.4704	0.5714	6.9625	5.7256	0	1.0644	0.9347	0.3775	0.06624	0.8468	0	0.8332	0.2399	3.4198	1.8715	HAEMATOPOIETIC_AND_LYMPHOID_TISSUE
MKN1_STOMACH..ACH.000351.	-9	-9	-9	-9	-9	-9	-9	-9	-9	-9	-9	-9	-9	-9	-9	-9	-9	-9	-9	-9	-9	-9	-9	-9	STOMACH
MKN45_STOMACH..ACH.000356.	5.2123	0.5995	0.5686	1.5757	0.18	4.1061	1.7307	0.2113	0.7376	0.358	0.6576	5.8234	4.163	2.7494	0.307	3.6422	2.14	0.0819	2.3323	0.8244	0.5641	1.0145	4.3579	0.3538	STOMACH
MKN74_STOMACH..ACH.000758.	3.2581	1.2515	0.2625	0.00429	0.3761	1.4986	0.148	0.6075	0.4106	0.4273	0.04665	3.5975	4.287	0.899	0.302	0	0.9258	0.05401	1.438	0.1997	0.41	0.8439	2.3142	0.573	STOMACH
MKN7_STOMACH..ACH.000678.	2.6606	0.3176	0.2042	0.5792	0.3438	3.4797	0	0.8744	0.5672	0.5522	0.7318	3.6733	4.0845	0.777	0.6204	0.5643	0	0.3992	1.1364	0.2289	2.3151	0.6005	3.1009	0.8105	STOMACH
MM1S_HAEMATOPOIETIC_AND_LYMPHOID_TISSUE..ACH.000763.	-9	-9	-9	-9	-9	-9	-9	-9	-9	-9	-9	-9	-9	-9	-9	-9	-9	-9	-9	-9	-9	-9	-9	-9	HAEMATOPOIETIC_AND_LYMPHOID_TISSUE
MOLM13_HAEMATOPOIETIC_AND_LYMPHOID_TISSUE..ACH.000362.	-9	-9	-9	-9	-9	-9	-9	-9	-9	-9	-9	-9	-9	-9	-9	-9	-9	-9	-9	-9	-9	-9	-9	-9	HAEMATOPOIETIC_AND_LYMPHOID_TISSUE
MOLM16_HAEMATOPOIETIC_AND_LYMPHOID_TISSUE..ACH.000369.	-9	-9	-9	-9	-9	-9	-9	-9	-9	-9	-9	-9	-9	-9	-9	-9	-9	-9	-9	-9	-9	-9	-9	-9	HAEMATOPOIETIC_AND_LYMPHOID_TISSUE
MOLM6_HAEMATOPOIETIC_AND_LYMPHOID_TISSUE..ACH.000321.	-9	-9	-9	-9	-9	-9	-9	-9	-9	-9	-9	-9	-9	-9	-9	-9	-9	-9	-9	-9	-9	-9	-9	-9	HAEMATOPOIETIC_AND_LYMPHOID_TISSUE
MOLP2_HAEMATOPOIETIC_AND_LYMPHOID_TISSUE..ACH.000453.	-9	-9	-9	-9	-9	-9	-9	-9	-9	-9	-9	-9	-9	-9	-9	-9	-9	-9	-9	-9	-9	-9	-9	-9	HAEMATOPOIETIC_AND_LYMPHOID_TISSUE
MOLP8_HAEMATOPOIETIC_AND_LYMPHOID_TISSUE..ACH.000745.	3.7225	2.4006	0.4735	2.179	0.3782	3.8717	1.8304	0.8492	0.5257	0.838	1.0518	4.819	5.5941	2.9593	2.1591	1.1504	1.5495	0.333	1.4718	0.9686	2.9462	1.0816	3.1229	1.2083	HAEMATOPOIETIC_AND_LYMPHOID_TISSUE
MOLT13_HAEMATOPOIETIC_AND_LYMPHOID_TISSUE..ACH.000795.	-9	-9	-9	-9	-9	-9	-9	-9	-9	-9	-9	-9	-9	-9	-9	-9	-9	-9	-9	-9	-9	-9	-9	-9	HAEMATOPOIETIC_AND_LYMPHOID_TISSUE
MOLT16_HAEMATOPOIETIC_AND_LYMPHOID_TISSUE..ACH.000918.	3.3586	1.5338	2.4599	1.4634	1.5452	5.5993	1.6808	1.4487	1.8489	1.8004	1.6592	6.7558	5.9569	1.74	2.7305	1.8084	2.6088	1.8282	3.5251	2.8323	1.5482	2.0937	5.7389	1.9845	HAEMATOPOIETIC_AND_LYMPHOID_TISSUE
MOLT3_HAEMATOPOIETIC_AND_LYMPHOID_TISSUE..ACH.000964.	-9	-9	-9	-9	-9	-9	-9	-9	-9	-9	-9	-9	-9	-9	-9	-9	-9	-9	-9	-9	-9	-9	-9	-9	HAEMATOPOIETIC_AND_LYMPHOID_TISSUE
MON_SOFT_TISSUE..ACH.001128.	-9	-9	-9	-9	-9	-9	-9	-9	-9	-9	-9	-9	-9	-9	-9	-9	-9	-9	-9	-9	-9	-9	-9	-9	SOFT_TISSUE
MONOMAC1_HAEMATOPOIETIC_AND_LYMPHOID_TISSUE..ACH.001129.	6.104	2.5881	2.5768	2.892	2.0672	4.9124	2.1439	2.3191	0.9584	2.979	2.0047	7.0911	6.4125	3.6304	2.0811	2.741	2.4402	1.403	3.289	5.7935	4.6298	5.4525	5.6936	1.3969	HAEMATOPOIETIC_AND_LYMPHOID_TISSUE
MONOMAC6_HAEMATOPOIETIC_AND_LYMPHOID_TISSUE..ACH.000006.	-9	-9	-9	-9	-9	-9	-9	-9	-9	-9	-9	-9	-9	-9	-9	-9	-9	-9	-9	-9	-9	-9	-9	-9	HAEMATOPOIETIC_AND_LYMPHOID_TISSUE
MORCPR_LUNG..ACH.000851.	3.875	0.4603	0.3816	0.1858	0.2041	-9	0.029	0.3634	0.7722	-9	0.1315	6.6116	5.0863	0.5833	-9	0.1384	1.1972	0	-9	0.1042	0.5558	0.8975	2.2823	0.7898	LUNG
MUTZ3_HAEMATOPOIETIC_AND_LYMPHOID_TISSUE..ACH.000084.	-9	-9	-9	-9	-9	-9	-9	-9	-9	-9	-9	-9	-9	-9	-9	-9	-9	-9	-9	-9	-9	-9	-9	-9	HAEMATOPOIETIC_AND_LYMPHOID_TISSUE
MUTZ5_HAEMATOPOIETIC_AND_LYMPHOID_TISSUE..ACH.000492.	-9	-9	-9	-9	-9	-9	-9	-9	-9	-9	-9	-9	-9	-9	-9	-9	-9	-9	-9	-9	-9	-9	-9	-9	HAEMATOPOIETIC_AND_LYMPHOID_TISSUE
MV411_HAEMATOPOIETIC_AND_LYMPHOID_TISSUE..ACH.000045.	-9	-9	-9	-9	-9	-9	-9	-9	-9	-9	-9	-9	-9	-9	-9	-9	-9	-9	-9	-9	-9	-9	-9	-9	HAEMATOPOIETIC_AND_LYMPHOID_TISSUE
NALM19_HAEMATOPOIETIC_AND_LYMPHOID_TISSUE..ACH.000130.	-9	-9	-9	-9	-9	-9	-9	-9	-9	-9	-9	-9	-9	-9	-9	-9	-9	-9	-9	-9	-9	-9	-9	-9	HAEMATOPOIETIC_AND_LYMPHOID_TISSUE
NALM1_HAEMATOPOIETIC_AND_LYMPHOID_TISSUE..ACH.000462.	-9	-9	-9	-9	-9	-9	-9	-9	-9	-9	-9	-9	-9	-9	-9	-9	-9	-9	-9	-9	-9	-9	-9	-9	HAEMATOPOIETIC_AND_LYMPHOID_TISSUE
NALM6_HAEMATOPOIETIC_AND_LYMPHOID_TISSUE..ACH.000938.	-9	-9	-9	-9	-9	-9	-9	-9	-9	-9	-9	-9	-9	-9	-9	-9	-9	-9	-9	-9	-9	-9	-9	-9	HAEMATOPOIETIC_AND_LYMPHOID_TISSUE
NAMALWA_HAEMATOPOIETIC_AND_LYMPHOID_TISSUE..ACH.000944.	-9	-9	-9	-9	-9	-9	-9	-9	-9	-9	-9	-9	-9	-9	-9	-9	-9	-9	-9	-9	-9	-9	-9	-9	HAEMATOPOIETIC_AND_LYMPHOID_TISSUE
NB1_AUTONOMIC_GANGLIA..ACH.000804.	-9	-9	-9	-9	-9	-9	-9	-9	-9	-9	-9	-9	-9	-9	-9	-9	-9	-9	-9	-9	-9	-9	-9	-9	AUTONOMIC_GANGLIA
NB4_HAEMATOPOIETIC_AND_LYMPHOID_TISSUE..ACH.000294.	-9	-9	-9	-9	-9	-9	-9	-9	-9	-9	-9	-9	-9	-9	-9	-9	-9	-9	-9	-9	-9	-9	-9	-9	HAEMATOPOIETIC_AND_LYMPHOID_TISSUE
NCCSTCK140_STOMACH..ACH.000110.	-9	-9	-9	-9	-9	-9	-9	-9	-9	-9	-9	-9	-9	-9	-9	-9	-9	-9	-9	-9	-9	-9	-9	-9	STOMACH
NCIH2004RT_SOFT_TISSUE..ACH.000533.	-9	-9	-9	-9	-9	-9	-9	-9	-9	-9	-9	-9	-9	-9	-9	-9	-9	-9	-9	-9	-9	-9	-9	-9	SOFT_TISSUE
NCIH2077_LUNG..ACH.000010.	-9	-9	-9	-9	-9	-9	-9	-9	-9	-9	-9	-9	-9	-9	-9	-9	-9	-9	-9	-9	-9	-9	-9	-9	LUNG
NCIH2882_LUNG..ACH.000700.	-9	-9	-9	-9	-9	-9	-9	-9	-9	-9	-9	-9	-9	-9	-9	-9	-9	-9	-9	-9	-9	-9	-9	-9	LUNG
NCIH2887_LUNG..ACH.000251.	-9	-9	-9	-9	-9	-9	-9	-9	-9	-9	-9	-9	-9	-9	-9	-9	-9	-9	-9	-9	-9	-9	-9	-9	LUNG
NCIH1048_LUNG..ACH.000866.	4.7653	0.798	1.2751	0.08808	0.662	4.6028	0.3058	0.5777	0.1353	0.4625	0.1314	6.7078	4.9662	0.6409	0.01538	0.7133	0.1776	0.0554	1.8268	0.6078	1.9009	1.3784	5.3324	1.2426	LUNG
NCIH1092_LUNG..ACH.000514.	1.0754	0.5824	0	0.4517	0.06946	3.195	0.004055	0.2613	0	0.1775	0.06517	1.7118	3.5793	0	0	0.286	0	0.06505	0.6779	0	0	0.5458	2.8124	0.3715	LUNG
NCIH1105_LUNG..ACH.000780.	-9	-9	-9	-9	-9	-9	-9	-9	-9	-9	-9	-9	-9	-9	-9	-9	-9	-9	-9	-9	-9	-9	-9	-9	LUNG
NCIH1155_LUNG..ACH.000980.	3.8781	0.7336	1.4315	0.1612	0.6025	-9	0.6582	0.3304	1.0831	-9	0.5254	5.3744	4.6853	0.8311	-9	1.1355	0.3567	0.581	-9	0.4457	1.5621	1.299	4.8723	0.6619	LUNG
NCIH1184_LUNG..ACH.000523.	3.0332	0.6452	0	1.0545	0.67	4.533	0.7164	0.2531	1.0691	0	0.3264	4.6431	5.3657	0.351	0.5989	0.3619	0.2403	0.136	0.4474	0.4186	0.3275	0.3037	4.1958	0.2687	LUNG
NCIH1299_LUNG..ACH.000510.	3.5108	1.2383	1.4866	3.1961	0.7121	-9	0.4863	0.2706	1.249	-9	1.0899	5.549	3.6257	2.7295	-9	0.9098	0.7558	0.5758	2.203	1.5557	1.9109	1.2805	3.8423	0.7984	LUNG
NCIH1339_LUNG..ACH.000921.	4.4088	0.645	1.137	1.3757	0.1102	3.5342	0.312	0.4067	0.7641	0.9951	1.2283	6.0005	4.3192	1.4276	0.8939	1.0166	0.4951	0.3552	1.5553	0.7501	1.3743	0.6937	3.7848	1.0475	LUNG
NCIH1341_LUNG..ACH.000129.	5.2972	1.8219	1.1726	0.4363	1.1779	3.7968	0.09673	0.6303	1.3409	0.05606	0.2892	6.0169	4.6373	0.1421	0.343	1.3442	0.5645	0.03845	1.632	0.6177	2.2016	1.3166	2.9384	1.0918	LUNG
NCIH1355_LUNG..ACH.000666.	2.7409	0.9139	0.9871	2.526	1.1241	-9	0.3069	1.4545	0.2866	0.2995	1.3545	4.4405	3.208	3.2706	1.143	1.1761	0.134	0.5632	2.1873	0.08526	2.1361	0.8879	0.9215	0.7915	LUNG
NCIH1373_LUNG..ACH.000845.	3.7468	0.5229	0.4326	0.486	0.2836	1.6349	0.1539	0.2469	0.1114	0	0.03238	3.5616	3.5689	0.3876	0.001922	0.3264	0.2623	0.4231	1.3576	0.1644	0.2048	0.3892	1.0589	0.6673	LUNG
NCIH1385_LUNG..ACH.000737.	-9	-9	-9	-9	-9	-9	-9	-9	-9	-9	-9	-9	-9	-9	-9	-9	-9	-9	-9	-9	-9	-9	-9	-9	LUNG
NCIH1395_LUNG..ACH.000327.	-9	-9	-9	-9	-9	-9	-9	-9	-9	-9	-9	-9	-9	-9	-9	-9	-9	-9	-9	-9	-9	-9	-9	-9	LUNG
NCIH1435_LUNG..ACH.000852.	-9	-9	-9	-9	-9	-9	-9	-9	-9	-9	-9	-9	-9	-9	-9	-9	-9	-9	-9	-9	-9	-9	-9	-9	LUNG
NCIH1436_LUNG..ACH.000830.	-9	-9	-9	-9	-9	-9	-9	-9	-9	-9	-9	-9	-9	-9	-9	-9	-9	-9	-9	-9	-9	-9	-9	-9	LUNG
NCIH1437_LUNG..ACH.000589.	-9	-9	-9	-9	-9	-9	-9	-9	-9	-9	-9	-9	-9	-9	-9	-9	-9	-9	-9	-9	-9	-9	-9	-9	LUNG
NCIH146_LUNG..ACH.000506.	-9	-9	-9	-9	-9	-9	-9	-9	-9	-9	-9	-9	-9	-9	-9	-9	-9	-9	-9	-9	-9	-9	-9	-9	LUNG
NCIH1563_LUNG..ACH.000892.	3.2288	1.0647	0.4409	0.5965	0.1776	-9	0.0838	0.3184	0.36	0.286	0.8828	1.8457	2.8012	0.1998	0.4013	0.6033	0.1891	0.03817	0.9544	0.1783	1.2603	0.98	0.08307	0.7126	LUNG
NCIH1568_LUNG..ACH.000869.	1.527	1.3221	1.5767	1.2459	1.6905	-9	0.6435	0.918	1.4092	0.6011	0.7387	5.6099	4.3663	1.5472	1.0166	1.035	0.2685	0.9667	2.3001	0.7917	1.6053	0.7681	3.7898	0.8584	LUNG
NCIH1573_LUNG..ACH.000916.	3.9417	1.463	1.3679	2.263	1.4163	-9	0.08039	1.6056	0.3017	0.7619	1.1259	4.4458	4.0278	2.844	1.0384	0.8412	0.4783	0.547	1.2461	0.3309	1.1256	0.6435	1.2867	0.5696	LUNG
NCIH1581_LUNG..ACH.000015.	2.4837	0.3412	0.5944	1.2459	0.04829	-9	0.2333	0.3271	0.7831	0.7787	0.1988	5.8733	4.8627	1.7867	0.7369	0.6256	0.5504	0.01726	0.665	0.106	0.6507	0.9622	2.8858	0.8635	LUNG
NCIH1618_LUNG..ACH.000179.	-9	-9	-9	-9	-9	-9	-9	-9	-9	-9	-9	-9	-9	-9	-9	-9	-9	-9	-9	-9	-9	-9	-9	-9	LUNG
NCIH1623_LUNG..ACH.000744.	-9	-9	-9	-9	-9	-9	-9	-9	-9	-9	-9	-9	-9	-9	-9	-9	-9	-9	-9	-9	-9	-9	-9	-9	LUNG
NCIH1648_LUNG..ACH.000766.	1.8947	1.078	0.2443	1.076	0.6008	-9	0.3297	1.8562	1.6655	1.4162	0.8649	5.9981	4.1316	0.8604	0.9064	0.673	0.1418	0.9942	2.1058	0.5777	1.1125	0.4882	1.9441	0.817	LUNG
NCIH1650_LUNG..ACH.000035.	4.5681	0.4436	1.9891	0.3713	1.3557	-9	0.6198	1.0601	0.366	0.4834	0.5891	4.3317	3.4336	0.0898	0.1289	0.4561	0.03316	0.3035	1.2499	0.5556	0.8811	0.7558	1.4616	2.4608	LUNG
NCIH1651_LUNG..ACH.000893.	2.669	0.8597	0.5989	0.5348	0.2825	-9	0.1886	0.6165	0.5105	0.2314	0.5197	4.2575	4.0816	0.4047	0.3582	0.7751	0.2531	0.03442	0.919	0.2962	0.7857	0.845	2.3495	0.2941	LUNG
NCIH1666_LUNG..ACH.000448.	4.712	1.0145	1.2167	3.1254	2.2235	3.2599	0.3766	2.1425	1.3635	0.456	0.4504	4.4421	3.9983	3.8767	0.1308	0.806	0.2059	0.2637	1.8098	0.6144	1.7936	0.5551	2.0451	2.9569	LUNG
NCIH1693_LUNG..ACH.000021.	1.6738	1.1923	1.4733	1.2609	1.42	3.1318	0	1.678	0.8193	0.8682	0.9088	3.8862	4.5178	2.3507	1.2313	0.9907	0.636	0.1419	1.9118	0.4801	1.4694	1.3123	3.0734	1.8628	LUNG
NCIH1694_LUNG..ACH.000431.	1.4558	0.8491	0.3515	0.333	0.1312	4.3177	0.6287	0.5385	1.0089	0.308	0.2616	4.6718	5.0687	0.3607	0.1648	0.3931	0.1112	0.1221	1.1519	0.1786	0.1368	0.4787	4.8522	0.7705	LUNG
NCIH1703_LUNG..ACH.000747.	4.6215	0.7496	1.9617	0.6057	0.5767	-9	0.689	0.3413	1.6718	-9	1.1218	6.0885	3.2273	0.92	-9	0.815	1.254	0.9735	-9	1.7395	1.7164	1.7113	3.4943	2.1679	LUNG
NCIH1734_LUNG..ACH.000675.	-9	-9	-9	-9	-9	-9	-9	-9	-9	-9	-9	-9	-9	-9	-9	-9	-9	-9	-9	-9	-9	-9	-9	-9	LUNG
NCIH1755_LUNG..ACH.000282.	-9	-9	-9	-9	-9	-9	-9	-9	-9	-9	-9	-9	-9	-9	-9	-9	-9	-9	-9	-9	-9	-9	-9	-9	LUNG
NCIH1781_LUNG..ACH.000379.	-9	-9	-9	-9	-9	-9	-9	-9	-9	-9	-9	-9	-9	-9	-9	-9	-9	-9	-9	-9	-9	-9	-9	-9	LUNG
NCIH1792_LUNG..ACH.000496.	4.2291	1.1488	0.3243	0.7937	0.2512	-9	0	0.3039	0.269	0.1523	0.679	5.8456	3.9704	2.7425	0.4562	0.7983	0	0.4574	1.9411	0.3336	1.6733	1.1431	1.7974	0.8889	LUNG
NCIH1793_LUNG..ACH.000888.	1.6359	0.4367	0.8634	1.1445	0.4024	-9	0	0.6214	0.4629	0.1586	0.6553	3.6008	-9	1.1635	0.7979	0.04633	0.08983	0.02881	1.0381	0.04823	0.3799	0.6117	1.5681	1.9546	LUNG
NCIH1819_LUNG..ACH.000033.	-9	-9	-9	-9	-9	-9	-9	-9	-9	-9	-9	-9	-9	-9	-9	-9	-9	-9	-9	-9	-9	-9	-9	-9	LUNG
NCIH1836_LUNG..ACH.000559.	-9	-9	-9	-9	-9	-9	-9	-9	-9	-9	-9	-9	-9	-9	-9	-9	-9	-9	-9	-9	-9	-9	-9	-9	LUNG
NCIH1838_LUNG..ACH.000733.	-9	-9	-9	-9	-9	-9	-9	-9	-9	-9	-9	-9	-9	-9	-9	-9	-9	-9	-9	-9	-9	-9	-9	-9	LUNG
NCIH1869_LUNG..ACH.000894.	3.0418	0.747	1.719	0.08598	1.4395	1.8317	0	1.0958	0.3543	0.4445	0.1337	2.2967	3.6257	1.8229	0.09282	0.1219	0.6647	0.5941	1.5432	0.2687	1.7076	0.6316	1.5602	1.703	LUNG
NCIH1876_LUNG..ACH.000586.	-9	-9	-9	-9	-9	-9	-9	-9	-9	-9	-9	-9	-9	-9	-9	-9	-9	-9	-9	-9	-9	-9	-9	-9	LUNG
NCIH1915_LUNG..ACH.000434.	5.2552	0.4139	1.1919	2.2654	0.4244	3.1297	0.0133	0.1502	0.9189	0.1953	0.2402	6.0863	4.8531	3.546	0.5238	0.2831	0.3796	0.1486	2.7444	0.03571	0.8856	1.0848	3.279	0.8455	LUNG
NCIH1930_LUNG..ACH.000870.	-9	-9	-9	-9	-9	-9	-9	-9	-9	-9	-9	-9	-9	-9	-9	-9	-9	-9	-9	-9	-9	-9	-9	-9	LUNG
NCIH1944_LUNG..ACH.000414.	4.244	0.2859	0.4428	1.3191	0.3705	-9	0.24	0.2708	0.339	0	0	4.4533	3.797	1.4783	0.319	0	0.5487	0.03804	0.3902	0.04412	0.1488	0.1312	1.7644	1.6975	LUNG
NCIH1963_LUNG..ACH.000729.	-9	-9	-9	-9	-9	-9	-9	-9	-9	-9	-9	-9	-9	-9	-9	-9	-9	-9	-9	-9	-9	-9	-9	-9	LUNG
NCIH196_LUNG..ACH.000752.	-9	-9	-9	-9	-9	-9	-9	-9	-9	-9	-9	-9	-9	-9	-9	-9	-9	-9	-9	-9	-9	-9	-9	-9	LUNG
NCIH1975_LUNG..ACH.000587.	3.3781	1.0222	0.5187	0.4696	0.4621	1.7151	0.2325	0.3094	0.2285	0.07336	0.1706	5.9467	3.3759	1.2184	0	0.2606	0.1393	0.06596	1.6132	0.1468	1.3584	0.7472	1.6636	0.2174	LUNG
NCIH2009_LUNG..ACH.000886.	3.6954	0.6894	1.094	1.9691	0.6598	2.9776	0.1486	0.3635	0.2909	0.237	0.06515	4.9461	5.2809	2.6131	0.09706	0.5123	1.1969	0.4112	1.5606	0	1.2731	0.9052	2.1728	1.504	LUNG
NCIH2023_LUNG..ACH.000781.	3.4569	1.4571	0.4832	0.3972	0.1764	-9	0.03723	0.3546	0.296	0.612	0.6613	4.676	3.9486	1.0669	0.6846	1.1931	0.6195	0	0.8588	0.006447	1.0811	0.9905	2.1324	0.679	LUNG
NCIH2029_LUNG..ACH.000298.	-9	-9	-9	-9	-9	-9	-9	-9	-9	-9	-9	-9	-9	-9	-9	-9	-9	-9	-9	-9	-9	-9	-9	-9	LUNG
NCIH2030_LUNG..ACH.000521.	4.9167	0.9753	1.8416	1.0569	1.2982	2.5802	0.1499	1.2422	0.3874	0.3102	0.254	5.1832	3.6894	2.026	0.1732	0.4445	0	0.2542	2.3273	0.5507	0.8499	0.973	4.0152	1.7591	LUNG
NCIH2066_LUNG..ACH.000727.	-9	-9	-9	-9	-9	-9	-9	-9	-9	-9	-9	-9	-9	-9	-9	-9	-9	-9	-9	-9	-9	-9	-9	-9	LUNG
NCIH2073_LUNG..ACH.000590.	-9	-9	-9	-9	-9	-9	-9	-9	-9	-9	-9	-9	-9	-9	-9	-9	-9	-9	-9	-9	-9	-9	-9	-9	LUNG
NCIH2081_LUNG..ACH.000394.	-9	-9	-9	-9	-9	-9	-9	-9	-9	-9	-9	-9	-9	-9	-9	-9	-9	-9	-9	-9	-9	-9	-9	-9	LUNG
NCIH2085_LUNG..ACH.000451.	2.2438	0.4646	0.6582	0.5237	0.4553	-9	0.6169	0.8009	0.5216	0.6032	0.5763	5.0352	4.3973	0.8872	0.1523	0.7718	0.4189	0.6078	0.981	0.5017	2.1719	0.05448	1.0246	1.2854	LUNG
NCIH2087_LUNG..ACH.000841.	3.0497	0.7475	0.7401	3.0122	0.4709	-9	0.2508	0.3981	0.1451	0.8483	0.4068	5.5116	3.572	4.1166	0.6578	0.423	0.3437	0.7931	1.5063	1.0198	1.1913	0.9215	4.0293	0.8015	LUNG
NCIH209_LUNG..ACH.000290.	-9	-9	-9	-9	-9	-9	-9	-9	-9	-9	-9	-9	-9	-9	-9	-9	-9	-9	-9	-9	-9	-9	-9	-9	LUNG
NCIH2106_LUNG..ACH.000904.	-9	-9	-9	-9	-9	-9	-9	-9	-9	-9	-9	-9	-9	-9	-9	-9	-9	-9	-9	-9	-9	-9	-9	-9	LUNG
NCIH2110_LUNG..ACH.000929.	-9	-9	-9	-9	-9	-9	-9	-9	-9	-9	-9	-9	-9	-9	-9	-9	-9	-9	-9	-9	-9	-9	-9	-9	LUNG
NCIH211_LUNG..ACH.000639.	3.2255	1.4213	0.61	0.6744	0.1121	3.8559	0.6459	0.6736	1.6828	0.9206	0.1456	5.7354	5.3056	0.9559	0.7345	0.6209	0.3437	0.2859	1.3993	0.7736	1.3403	1.1127	3.8351	0.4266	LUNG
NCIH2122_LUNG..ACH.000311.	4.996	1.71	0.8178	3.0327	0.8959	3.6813	0.3496	1.0545	0.9173	0.5732	0.3708	6.6492	4.8641	4.4466	1.274	0.618	0.7922	0.8008	2.0903	0.4757	1.8716	1.0366	4.4313	0.8166	LUNG
NCIH2126_LUNG..ACH.000785.	-9	-9	-9	-9	-9	-9	-9	-9	-9	-9	-9	-9	-9	-9	-9	-9	-9	-9	-9	-9	-9	-9	-9	-9	LUNG
NCIH2170_LUNG..ACH.000481.	4.5194	0.9193	1.7978	0.3377	2.0307	3.5838	0.1361	3.1451	0.1053	0.9569	0.3865	6.47	5.0943	0.684	1.1408	0.5128	0.118	0.01563	1.4324	0.1748	1.5386	0.8038	4.5073	1.8922	LUNG
NCIH2171_LUNG..ACH.000525.	-9	-9	-9	-9	-9	-9	-9	-9	-9	-9	-9	-9	-9	-9	-9	-9	-9	-9	-9	-9	-9	-9	-9	-9	LUNG
NCIH2172_LUNG..ACH.000924.	1.7525	0.4366	0.1918	0.3521	0.198	0.9265	0	0.03765	0.5285	0.07936	0.05811	2.1174	-9	0.2755	0.04726	0.4162	0.2135	0.7171	0.1744	0.3295	0.4014	0.2366	0.0547	0.4416	LUNG
NCIH2196_LUNG..ACH.000399.	-9	-9	-9	-9	-9	-9	-9	-9	-9	-9	-9	-9	-9	-9	-9	-9	-9	-9	-9	-9	-9	-9	-9	-9	LUNG
NCIH2227_LUNG..ACH.000610.	-9	-9	-9	-9	-9	-9	-9	-9	-9	-9	-9	-9	-9	-9	-9	-9	-9	-9	-9	-9	-9	-9	-9	-9	LUNG
NCIH2228_LUNG..ACH.000447.	2.7224	0.7983	0.9192	0.4632	0.8593	3.0723	0.003449	0.3527	0.3097	0.2487	0.4886	5.1908	4.2462	1.5899	0.2845	1.8879	0.02345	0.1109	1.6848	0.5604	4.0317	1.0651	2.8877	0.7584	LUNG
NCIH226_LUNG..ACH.000367.	2.0162	0.6322	0.2167	0.3049	0	-9	0	0	0.04654	0	0.1363	3.207	2.8671	1.589	0.2601	0.1941	0	0	1.3318	0.5957	0.7534	0.8242	2.248	0.2921	LUNG
NCIH2286_LUNG..ACH.000912.	5.2895	0.8707	2.0052	2.8138	1.2231	4.9054	0.8573	1.7222	0.692	2.2442	2.3462	6.627	4.8471	3.2309	2.3797	2.2926	0.9438	1.2174	3.5476	1.2132	3.3459	2.4923	5.3799	1.8289	LUNG
NCIH2291_LUNG..ACH.000718.	-9	-9	-9	-9	-9	-9	-9	-9	-9	-9	-9	-9	-9	-9	-9	-9	-9	-9	-9	-9	-9	-9	-9	-9	LUNG
NCIH2342_LUNG..ACH.000951.	-9	-9	-9	-9	-9	-9	-9	-9	-9	-9	-9	-9	-9	-9	-9	-9	-9	-9	-9	-9	-9	-9	-9	-9	LUNG
NCIH2347_LUNG..ACH.000875.	-9	-9	-9	-9	-9	-9	-9	-9	-9	-9	-9	-9	-9	-9	-9	-9	-9	-9	-9	-9	-9	-9	-9	-9	LUNG
NCIH23_LUNG..ACH.000900.	4.2066	1.3268	0.7626	1.0566	0	-9	0.6998	0.4302	2.0322	0.6261	0.8491	6.5769	4.3584	2.1937	0.2654	1.136	0.3608	1.1365	2.016	0.3285	1.688	1.5173	3.0649	1.2023	LUNG
NCIH2405_LUNG..ACH.000121.	-9	-9	-9	-9	-9	-9	-9	-9	-9	-9	-9	-9	-9	-9	-9	-9	-9	-9	-9	-9	-9	-9	-9	-9	LUNG
NCIH2444_LUNG..ACH.000186.	2.3125	0.5609	0.528	1.2551	0.4111	3.0533	0.1334	1.0206	1.4321	0.1556	0.2141	4.1579	4.1274	2.4795	0.7247	0.2978	0.4396	0.1747	0.9508	0.1305	0.3241	0.1748	1.3742	0.6515	LUNG
NCIH292_LUNG..ACH.001075.	-9	-9	-9	-9	-9	-9	-9	-9	-9	-9	-9	-9	-9	-9	-9	-9	-9	-9	-9	-9	-9	-9	-9	-9	LUNG
NCIH3122_LUNG..ACH.000337.	-9	-9	-9	-9	-9	-9	-9	-9	-9	-9	-9	-9	-9	-9	-9	-9	-9	-9	-9	-9	-9	-9	-9	-9	LUNG
NCIH322_LUNG..ACH.000837.	3.9905	1.1076	1.5032	2.4814	1.9746	2.5264	0	1.3463	0.08901	0.1888	0.03799	4.7617	3.7953	3.5462	0	0.1449	0	0.02021	1.2485	0	0.573	0.3026	1.8001	1.4652	LUNG
NCIH3255_LUNG..ACH.000109.	2.8736	1.4275	3.9472	0.5055	4.0635	2.9401	0.1035	3.3578	0.2523	0.7838	0.158	3.1413	4.352	1.436	0.02764	1.2008	0.115	0.1538	0.828	0.1257	2.8646	0.05104	1.6078	4.1439	LUNG
NCIH358_LUNG..ACH.000860.	2.9418	1.0482	0.7506	2.4557	1.6179	-9	0.6911	1.4357	0.7728	0.4732	0.3662	5.6597	4.264	3.6668	0.5514	0.8719	0.1218	0.7734	1.9399	0.4633	1.5223	1.3765	2.0796	1.6435	LUNG
NCIH441_LUNG..ACH.000638.	2.8905	1.1125	0.7499	1.6292	0.3066	3.3047	0.03189	0.4346	0.12	0.1257	0.6243	4.4553	3.8005	1.6923	0.5023	0.455	0.2391	0.1424	0.9033	0.2335	1.205	0.5299	2.5101	0.8277	LUNG
NCIH446_LUNG..ACH.000800.	-9	-9	-9	-9	-9	-9	-9	-9	-9	-9	-9	-9	-9	-9	-9	-9	-9	-9	-9	-9	-9	-9	-9	-9	LUNG
NCIH460_LUNG..ACH.000463.	4.2751	1.0809	0.1118	0.6252	0.06994	-9	0.6794	0.1102	0.2832	-9	0.2963	4.9726	4.002	1.3956	-9	0.3076	0.1941	0.1837	0.9633	0.1393	0.8719	0.4967	3.151	0.8723	LUNG
NCIH508_LARGE_INTESTINE..ACH.000360.	-9	-9	-9	-9	-9	-9	-9	-9	-9	-9	-9	-9	-9	-9	-9	-9	-9	-9	-9	-9	-9	-9	-9	-9	LARGE_INTESTINE
NCIH510_LUNG..ACH.000871.	-9	-9	-9	-9	-9	-9	-9	-9	-9	-9	-9	-9	-9	-9	-9	-9	-9	-9	-9	-9	-9	-9	-9	-9	LUNG
NCIH520_LUNG..ACH.000395.	2.9933	0.535	0.7849	0.1026	0	3.2016	0.03915	0	0.6113	0.1169	0.421	5.9668	4.0233	0.1691	0.7981	0.2855	0	0.07222	1.3047	0.4904	0.8424	1.2327	2.1326	0.832	LUNG
NCIH522_LUNG..ACH.000343.	3.5106	0.6383	0.8378	0.3785	0.4055	2.9178	0.08763	0.7621	0.5374	0.4237	0.4385	5.4331	4.0878	0.8364	0.1026	0.5612	0.1305	0	1.1235	0.5832	1.397	0.6619	1.9146	0.9695	LUNG
NCIH524_LUNG..ACH.000816.	-9	-9	-9	-9	-9	-9	-9	-9	-9	-9	-9	-9	-9	-9	-9	-9	-9	-9	-9	-9	-9	-9	-9	-9	LUNG
NCIH526_LUNG..ACH.000767.	-9	-9	-9	-9	-9	-9	-9	-9	-9	-9	-9	-9	-9	-9	-9	-9	-9	-9	-9	-9	-9	-9	-9	-9	LUNG
NCIH596_LUNG..ACH.000628.	-9	-9	-9	-9	-9	-9	-9	-9	-9	-9	-9	-9	-9	-9	-9	-9	-9	-9	-9	-9	-9	-9	-9	-9	LUNG
NCIH647_LUNG..ACH.000378.	3.1829	0.3716	1.452	0.3915	0.2912	-9	0.4379	0.2396	0.6297	0.5991	0.3702	4.6377	2.9629	0.8152	0.5271	0	0.5762	0.3382	0.23	0.8969	0.1524	0.1195	1.1787	1.1171	LUNG
NCIH650_LUNG..ACH.000945.	3.3292	0.7852	0	0.5544	0.04207	-9	0	0.1778	0.5809	0.1037	0	4.2852	3.4858	0.5376	0.1045	0.389	0.5756	0.03584	1.4552	0.07339	0.5029	0.5932	1.8313	0.861	LUNG
NCIH661_LUNG..ACH.000853.	1.1851	1.0875	0.5857	0.1862	0.09786	2.6998	0.1818	0.3394	0.5897	0.5492	0.07728	2.5108	5.3017	0.2089	0.08016	0.7048	0.6622	0.3142	0.6757	0.1372	0.8723	0.2489	0.9602	1.225	LUNG
NCIH684_LIVER..ACH.000089.	-9	-9	-9	-9	-9	-9	-9	-9	-9	-9	-9	-9	-9	-9	-9	-9	-9	-9	-9	-9	-9	-9	-9	-9	LIVER
NCIH69_LUNG..ACH.000358.	-9	-9	-9	-9	-9	-9	-9	-9	-9	-9	-9	-9	-9	-9	-9	-9	-9	-9	-9	-9	-9	-9	-9	-9	LUNG
NCIH716_LARGE_INTESTINE..ACH.000491.	-9	-9	-9	-9	-9	-9	-9	-9	-9	-9	-9	-9	-9	-9	-9	-9	-9	-9	-9	-9	-9	-9	-9	-9	LARGE_INTESTINE
NCIH727_LUNG..ACH.000775.	2.1313	1.3035	1.0985	1.7299	0.3191	1.357	0.6485	0.5375	0.2611	0.5898	0.4471	1.9411	2.9172	2.9449	0.315	1.1206	0.1742	0.1817	0.4526	0.2139	1.3735	0.29	0.2574	1.3125	LUNG
NCIH747_LARGE_INTESTINE..ACH.000403.	4.1782	1.5524	1.2293	3.9755	0.8585	-9	0.1817	0.5944	1.2307	0.6162	0.1082	4.5944	4.788	4.5513	0.797	0.7988	0.4446	0.1485	0.9015	0.5534	1.389	0.1588	2.1884	1.3901	LARGE_INTESTINE
NCIH810_LUNG..ACH.000789.	1.5995	1.3572	0.2285	0.1913	0.1621	3.0313	0.8398	0.4256	0.5784	0.8719	0.5109	4.6234	5.4403	0.1101	0.304	0.7947	0.2943	0.2752	0.6182	0.5582	1.318	0.6411	1.8683	0.3811	LUNG
NCIH82_LUNG..ACH.000355.	-9	-9	-9	-9	-9	-9	-9	-9	-9	-9	-9	-9	-9	-9	-9	-9	-9	-9	-9	-9	-9	-9	-9	-9	LUNG
NCIH838_LUNG..ACH.000416.	-9	-9	-9	-9	-9	-9	-9	-9	-9	-9	-9	-9	-9	-9	-9	-9	-9	-9	-9	-9	-9	-9	-9	-9	LUNG
NCIH841_LUNG..ACH.000292.	-9	-9	-9	-9	-9	-9	-9	-9	-9	-9	-9	-9	-9	-9	-9	-9	-9	-9	-9	-9	-9	-9	-9	-9	LUNG
NCIH854_LUNG..ACH.000710.	-9	-9	-9	-9	-9	-9	-9	-9	-9	-9	-9	-9	-9	-9	-9	-9	-9	-9	-9	-9	-9	-9	-9	-9	LUNG
NCIH889_LUNG..ACH.000297.	-9	-9	-9	-9	-9	-9	-9	-9	-9	-9	-9	-9	-9	-9	-9	-9	-9	-9	-9	-9	-9	-9	-9	-9	LUNG
NCIH929_HAEMATOPOIETIC_AND_LYMPHOID_TISSUE..ACH.000050.	-9	-9	-9	-9	-9	-9	-9	-9	-9	-9	-9	-9	-9	-9	-9	-9	-9	-9	-9	-9	-9	-9	-9	-9	HAEMATOPOIETIC_AND_LYMPHOID_TISSUE
NCIN87_STOMACH..ACH.000427.	6.109	0.8738	2.0389	1.7723	0.9619	-9	0.6826	4.381	0.6739	1.2436	0.7817	5.695	4.5723	2.0757	0.7402	0.5961	0.4056	0.6974	1.8996	0.4951	1.8145	1.0356	3.5494	1.4258	STOMACH
NCO2_HAEMATOPOIETIC_AND_LYMPHOID_TISSUE..ACH.000076.	4.4584	1.2927	4.2576	3.0029	1.5548	4.4747	1.5834	1.6375	1.8245	5.944	1.5495	6.8572	5.185	3.9475	0.8892	2.9461	1.8126	1.7843	2.5185	2.1583	2.6798	2.1103	4.8071	3.1671	HAEMATOPOIETIC_AND_LYMPHOID_TISSUE
NH6_AUTONOMIC_GANGLIA..ACH.000203.	-9	-9	-9	-9	-9	-9	-9	-9	-9	-9	-9	-9	-9	-9	-9	-9	-9	-9	-9	-9	-9	-9	-9	-9	AUTONOMIC_GANGLIA
NHAHTDD_CENTRAL_NERVOUS_SYSTEM..ACH.001142.	-9	-9	-9	-9	-9	-9	-9	-9	-9	-9	-9	-9	-9	-9	-9	-9	-9	-9	-9	-9	-9	-9	-9	-9	CENTRAL_NERVOUS_SYSTEM
NIHOVCAR3_OVARY..ACH.000001.	2.8123	0.9727	2.2222	1.5972	1.1932	3.6816	0.4514	1.0323	0.2826	0.07783	0.7236	5.2836	4.6118	1.3723	0.268	0.5743	0.2992	0.3427	2.0829	1.3616	2.0012	0.8821	2.0783	1.6073	OVARY
NMCG1_CENTRAL_NERVOUS_SYSTEM..ACH.000200.	-9	-9	-9	-9	-9	-9	-9	-9	-9	-9	-9	-9	-9	-9	-9	-9	-9	-9	-9	-9	-9	-9	-9	-9	CENTRAL_NERVOUS_SYSTEM
NOMO1_HAEMATOPOIETIC_AND_LYMPHOID_TISSUE..ACH.000168.	-9	-9	-9	-9	-9	-9	-9	-9	-9	-9	-9	-9	-9	-9	-9	-9	-9	-9	-9	-9	-9	-9	-9	-9	HAEMATOPOIETIC_AND_LYMPHOID_TISSUE
NUDHL1_HAEMATOPOIETIC_AND_LYMPHOID_TISSUE..ACH.000388.	-9	-9	-9	-9	-9	-9	-9	-9	-9	-9	-9	-9	-9	-9	-9	-9	-9	-9	-9	-9	-9	-9	-9	-9	HAEMATOPOIETIC_AND_LYMPHOID_TISSUE
NUDUL1_HAEMATOPOIETIC_AND_LYMPHOID_TISSUE..ACH.000287.	-9	-9	-9	-9	-9	-9	-9	-9	-9	-9	-9	-9	-9	-9	-9	-9	-9	-9	-9	-9	-9	-9	-9	-9	HAEMATOPOIETIC_AND_LYMPHOID_TISSUE
NUGC2_STOMACH..ACH.000761.	-9	-9	-9	-9	-9	-9	-9	-9	-9	-9	-9	-9	-9	-9	-9	-9	-9	-9	-9	-9	-9	-9	-9	-9	STOMACH
NUGC3_STOMACH..ACH.000911.	4.1622	1.0673	0.9751	1.6916	1.82	4.6195	0.7761	1.5373	0.6979	0.5547	0.3105	7.0402	4.2428	2.1154	0.1617	0.4736	0.2236	0.8798	1.7195	1.0741	1.003	0.6742	4.3889	1.772	STOMACH
NUGC4_STOMACH..ACH.000674.	4.9358	1.0295	2.712	3.634	2.6443	-9	0.2719	2.9416	0.09055	0.8153	0.7802	6.0989	5.8552	4.7079	1.2862	1.7116	1.2881	0	0.6769	0.3093	0.3712	0.7171	3.955	2.6187	STOMACH
OAW28_OVARY..ACH.000116.	-9	-9	-9	-9	-9	-9	-9	-9	-9	-9	-9	-9	-9	-9	-9	-9	-9	-9	-9	-9	-9	-9	-9	-9	OVARY
OAW42_OVARY..ACH.000704.	-9	-9	-9	-9	-9	-9	-9	-9	-9	-9	-9	-9	-9	-9	-9	-9	-9	-9	-9	-9	-9	-9	-9	-9	OVARY
OC314_OVARY..ACH.000962.	3.573	0.3713	0.5346	0.09393	0.2903	-9	0	0.3899	0.2431	0.03021	0.2438	6.3589	3.7559	0.5158	0.3161	0.2361	0.4256	0.06317	1.5412	0.0006212	0.1058	0.6888	3.2347	0.8934	OVARY
OCIMY5_HAEMATOPOIETIC_AND_LYMPHOID_TISSUE..ACH.000854.	-9	-9	-9	-9	-9	-9	-9	-9	-9	-9	-9	-9	-9	-9	-9	-9	-9	-9	-9	-9	-9	-9	-9	-9	HAEMATOPOIETIC_AND_LYMPHOID_TISSUE
OCIMY7_HAEMATOPOIETIC_AND_LYMPHOID_TISSUE..ACH.000436.	-9	-9	-9	-9	-9	-9	-9	-9	-9	-9	-9	-9	-9	-9	-9	-9	-9	-9	-9	-9	-9	-9	-9	-9	HAEMATOPOIETIC_AND_LYMPHOID_TISSUE
OCIAML2_HAEMATOPOIETIC_AND_LYMPHOID_TISSUE..ACH.000113.	4.2295	1.1281	0.2234	5.9343	0.02743	4.2545	0.2119	0.1763	0.02479	0.8493	0.5748	6.3485	5.3795	7.2797	1.6237	1.0041	0.07766	0.9367	1.8252	1.7042	2.1811	1.4035	4.8885	0.1919	HAEMATOPOIETIC_AND_LYMPHOID_TISSUE
OCIAML3_HAEMATOPOIETIC_AND_LYMPHOID_TISSUE..ACH.000336.	-9	-9	-9	-9	-9	-9	-9	-9	-9	-9	-9	-9	-9	-9	-9	-9	-9	-9	-9	-9	-9	-9	-9	-9	HAEMATOPOIETIC_AND_LYMPHOID_TISSUE
OCIAML5_HAEMATOPOIETIC_AND_LYMPHOID_TISSUE..ACH.000065.	3.5381	2.3013	1.1565	3.0387	1.2901	4.6729	1.9956	0.4723	0.6852	1.1833	1.4452	6.9156	6.1828	3.3518	1.8102	1.3689	1.707	1.1923	1.8725	2.4072	2.9182	2.5062	5.118	2.5859	HAEMATOPOIETIC_AND_LYMPHOID_TISSUE
OCILY19_HAEMATOPOIETIC_AND_LYMPHOID_TISSUE..ACH.000124.	-9	-9	-9	-9	-9	-9	-9	-9	-9	-9	-9	-9	-9	-9	-9	-9	-9	-9	-9	-9	-9	-9	-9	-9	HAEMATOPOIETIC_AND_LYMPHOID_TISSUE
OCILY3_HAEMATOPOIETIC_AND_LYMPHOID_TISSUE..ACH.000158.	-9	-9	-9	-9	-9	-9	-9	-9	-9	-9	-9	-9	-9	-9	-9	-9	-9	-9	-9	-9	-9	-9	-9	-9	HAEMATOPOIETIC_AND_LYMPHOID_TISSUE
OCIM1_HAEMATOPOIETIC_AND_LYMPHOID_TISSUE..ACH.000751.	-9	-9	-9	-9	-9	-9	-9	-9	-9	-9	-9	-9	-9	-9	-9	-9	-9	-9	-9	-9	-9	-9	-9	-9	HAEMATOPOIETIC_AND_LYMPHOID_TISSUE
OCUM1_STOMACH..ACH.000247.	4.7362	0.5085	0.3956	4.2032	0.01577	3.2961	0	0.3383	0.501	0.3957	0.5333	5.3406	5.165	5.29	0.6016	0.9729	0.2974	0.1104	1.3903	0.1405	1.467	0.6555	3.6049	0.4953	STOMACH
OE19_OESOPHAGUS..ACH.000679.	-9	-9	-9	-9	-9	-9	-9	-9	-9	-9	-9	-9	-9	-9	-9	-9	-9	-9	-9	-9	-9	-9	-9	-9	OESOPHAGUS
OE21_OESOPHAGUS..ACH.000544.	3.2699	1.3307	1.4609	1.541	2.3549	2.8926	0.01683	1.5609	2.2086	0.8543	0.4005	6.2262	4.345	2.3347	0.9908	1.1686	0.3258	0.2198	1.8998	0.4841	1.5289	0.9572	2.622	1.9609	OESOPHAGUS
OE33_OESOPHAGUS..ACH.000383.	4.7147	0.887	1.5313	0.9345	0.842	4.2414	0.1213	1.3948	1.6295	0.1666	0.1788	4.8996	4.8403	1.8762	0.9013	2.6605	0.7694	0.4093	1.5374	0.2001	1.8779	0.2963	3.252	1.2065	OESOPHAGUS
OELE_OVARY..ACH.000494.	-9	-9	-9	-9	-9	-9	-9	-9	-9	-9	-9	-9	-9	-9	-9	-9	-9	-9	-9	-9	-9	-9	-9	-9	OVARY
ONCODG1_OVARY..ACH.000013.	3.252	0.6896	1.508	0.528	1.0886	2.6162	0.7935	0.8549	0.2671	0.6137	0.1837	6.6738	4.0304	1.0343	0.501	0.4426	0.142	0.396	1.8703	0.4858	0.8336	0.8046	2.833	1.581	OVARY
ONS76_CENTRAL_NERVOUS_SYSTEM..ACH.000776.	1.904	0.2968	0.6145	2.8866	0.06366	2.7183	0.117	0.1084	0.4631	0.1742	0.3121	-9	3.9079	4.1038	0.3628	0.2558	0.01134	0.1695	1.4977	0.9837	0.3495	0.5648	3.336	0.3671	CENTRAL_NERVOUS_SYSTEM
OPM1_HAEMATOPOIETIC_AND_LYMPHOID_TISSUE..ACH.000057.	-9	-9	-9	-9	-9	-9	-9	-9	-9	-9	-9	-9	-9	-9	-9	-9	-9	-9	-9	-9	-9	-9	-9	-9	HAEMATOPOIETIC_AND_LYMPHOID_TISSUE
OPM2_HAEMATOPOIETIC_AND_LYMPHOID_TISSUE..ACH.000024.	3.1534	0.9333	0.6917	0.4856	0.8885	4.3124	0.6987	0.03488	0	0.3997	0.1889	3.6015	6.84	1.3958	0	0.2972	0.6293	0.09389	0.09803	0.1978	0.9299	0.2381	3.6358	0.1063	HAEMATOPOIETIC_AND_LYMPHOID_TISSUE
OSRC2_KIDNEY..ACH.000159.	-9	-9	-9	-9	-9	-9	-9	-9	-9	-9	-9	-9	-9	-9	-9	-9	-9	-9	-9	-9	-9	-9	-9	-9	KIDNEY
OUMS23_LARGE_INTESTINE..ACH.000296.	-9	-9	-9	-9	-9	-9	-9	-9	-9	-9	-9	-9	-9	-9	-9	-9	-9	-9	-9	-9	-9	-9	-9	-9	LARGE_INTESTINE
OV56_OVARY..ACH.000091.	-9	-9	-9	-9	-9	-9	-9	-9	-9	-9	-9	-9	-9	-9	-9	-9	-9	-9	-9	-9	-9	-9	-9	-9	OVARY
OV7_OVARY..ACH.000688.	-9	-9	-9	-9	-9	-9	-9	-9	-9	-9	-9	-9	-9	-9	-9	-9	-9	-9	-9	-9	-9	-9	-9	-9	OVARY
OV90_OVARY..ACH.000291.	4.5708	0.8462	0.2935	3.4602	0	2.8504	0	0.3964	0.727	0.6314	0.09546	3.4582	4.7692	4.0762	0.072	0.5705	0.07258	0.1413	1.9905	0.4936	2.2049	0.482	2.9714	0.4307	OVARY
OVCAR4_OVARY..ACH.000617.	2.2591	0.3216	0.4466	0	0.3913	1.8003	0.0583	0.4367	2.0923	0.2542	0.3606	4.5514	3.9406	0.8609	0.1033	0.1563	0.01486	0	1.3031	0.6127	1.1837	0.4459	2.9929	0.2029	OVARY
OVCAR8_OVARY..ACH.000696.	4.0967	0.6409	1.0565	0.3024	0.532	4.2914	0.2157	1.0963	0.07678	0.6021	0.08894	6.193	5.1246	1.0265	0	1.0091	0.4074	0.1871	1.7808	0.9127	0.7201	1.1174	4.034	0.8507	OVARY
OVISE_OVARY..ACH.000527.	-9	-9	-9	-9	-9	-9	-9	-9	-9	-9	-9	-9	-9	-9	-9	-9	-9	-9	-9	-9	-9	-9	-9	-9	OVARY
OVK18_OVARY..ACH.000947.	-9	-9	-9	-9	-9	-9	-9	-9	-9	-9	-9	-9	-9	-9	-9	-9	-9	-9	-9	-9	-9	-9	-9	-9	OVARY
OVKATE_OVARY..ACH.000443.	-9	-9	-9	-9	-9	-9	-9	-9	-9	-9	-9	-9	-9	-9	-9	-9	-9	-9	-9	-9	-9	-9	-9	-9	OVARY
OVMANA_OVARY..ACH.000646.	2.7475	1.0259	1.6191	0.623	0.03859	2.3485	0.2392	0.6579	1.05	0.2676	0.6969	2.7268	3.3768	0.3681	0.2611	0.8049	0.1321	0.7003	1.5302	0.7517	1.112	0.2215	2.4824	0.9599	OVARY
OVSAHO_OVARY..ACH.000409.	1.3862	0.4298	0.8493	0.7329	0.1429	1.8955	0.1184	0.3303	0.4272	0.02441	0.1494	3.0491	3.2763	0.9977	0.0811	0	0	0.02867	0.7466	0.3679	0.666	0.3697	1.9364	0.4626	OVARY
OVTOKO_OVARY..ACH.000663.	2.0471	0.508	1.9162	0.3445	0.8693	2.6997	0.301	0.8776	0.1956	0.1559	0.5722	2.0493	4.7984	0.5565	0.1509	0.3415	0.2041	-9	2.134	0.7373	0.7926	0.6268	3.5208	-9	OVARY
P12ICHIKAWA_HAEMATOPOIETIC_AND_LYMPHOID_TISSUE..ACH.000372.	2.6965	1.1795	0.3353	1.7805	0.7472	5.5533	1.3994	0.7179	0.5791	0.8608	0.7109	6.9777	5.9228	2.4864	1.6728	1.0946	0.7028	0.5583	2.289	1.325	2.3245	1.9616	5.2524	0.77	HAEMATOPOIETIC_AND_LYMPHOID_TISSUE
P31FUJ_HAEMATOPOIETIC_AND_LYMPHOID_TISSUE..ACH.000770.	2.6454	0.7637	0.07896	3.4009	0.8033	3.9479	1.0578	0.3472	0.6745	0.4948	0.5038	5.4592	6.1262	4.5666	0.4643	1.3834	1.3855	0.3729	3.1639	1.1751	1.5481	1.3363	3.9765	0.4324	HAEMATOPOIETIC_AND_LYMPHOID_TISSUE
P3HR1_HAEMATOPOIETIC_AND_LYMPHOID_TISSUE..ACH.000707.	2.5398	0.6726	0.3172	0.1024	0	-9	0.1234	0.005816	0.9634	0.12	0.1132	5.7467	4.2803	0.2984	0.5391	0.05595	0.5316	0	0.01284	0.2461	0.04795	0.3664	3.0622	1.4536	HAEMATOPOIETIC_AND_LYMPHOID_TISSUE
PANC0203_PANCREAS..ACH.000042.	3.4803	1.5713	1.669	3.4381	1.0194	2.7868	0.06966	1.0355	0.2337	0.3683	0.6172	4.0096	4.357	4.8153	0.8133	0.8964	0.3393	0.1131	0.9657	0.5173	1.1405	0.647	2.4189	1.9639	PANCREAS
PANC0213_PANCREAS..ACH.000031.	-9	-9	-9	-9	-9	-9	-9	-9	-9	-9	-9	-9	-9	-9	-9	-9	-9	-9	-9	-9	-9	-9	-9	-9	PANCREAS
PANC0327_PANCREAS..ACH.000139.	4.3483	0.6478	0.9077	1.2338	0.4879	3.4648	0.5476	0.7534	2.2368	0.01959	0.07107	5.8073	3.6862	2.1915	0.03994	0.8512	0.2903	0.2345	2.1313	0.1145	0.9404	0.2957	3.1664	0.7822	PANCREAS
PANC0403_PANCREAS..ACH.000235.	2.6612	0.7045	0.7926	1.4602	0.494	1.7691	0.1511	0.6503	0.3004	0.6639	0.3671	3.9711	3.5197	2.8214	0.2123	0.5411	0.09142	0.09336	0.688	0.4002	1.5515	0.4505	1.7677	0.3849	PANCREAS
PANC0504_PANCREAS..ACH.000093.	-9	-9	-9	-9	-9	-9	-9	-9	-9	-9	-9	-9	-9	-9	-9	-9	-9	-9	-9	-9	-9	-9	-9	-9	PANCREAS
PANC0813_PANCREAS..ACH.000417.	-9	-9	-9	-9	-9	-9	-9	-9	-9	-9	-9	-9	-9	-9	-9	-9	-9	-9	-9	-9	-9	-9	-9	-9	PANCREAS
PANC1005_PANCREAS..ACH.000060.	3.2431	1.0935	1.4284	2.0182	0.5347	3.5233	0	0.6474	0	0.2589	0.4299	5.4204	4.0085	3.0873	0.1536	0.975	0.2858	0.1674	0.7633	0.7027	0.773	0.408	3.3451	1.2371	PANCREAS
PANC1_PANCREAS..ACH.000164.	-9	-9	-9	-9	-9	-9	-9	-9	-9	-9	-9	-9	-9	-9	-9	-9	-9	-9	-9	-9	-9	-9	-9	-9	PANCREAS
PATU8902_PANCREAS..ACH.000599.	2.4817	1.3212	0.9396	1.4749	0.0789	-9	0.405	0.2098	0.6972	-9	0.4023	3.2911	3.9954	2.216	-9	0.4002	0.6979	0.2355	-9	0.4794	1.4907	0.6359	2.263	0.9198	PANCREAS
PATU8988S_PANCREAS..ACH.000022.	-9	-9	-9	-9	-9	-9	-9	-9	-9	-9	-9	-9	-9	-9	-9	-9	-9	-9	-9	-9	-9	-9	-9	-9	PANCREAS
PATU8988T_PANCREAS..ACH.000023.	-9	-9	-9	-9	-9	-9	-9	-9	-9	-9	-9	-9	-9	-9	-9	-9	-9	-9	-9	-9	-9	-9	-9	-9	PANCREAS
PC9_LUNG..ACH.000779.	-9	-9	-9	-9	-9	-9	-9	-9	-9	-9	-9	-9	-9	-9	-9	-9	-9	-9	-9	-9	-9	-9	-9	-9	LUNG
PC14_LUNG..ACH.000030.	4.4138	1.5768	3.3372	1.2008	3.7177	-9	1.3271	1.6271	0.8567	-9	0.09898	6.7585	4.1845	1.4392	-9	0.5781	1.0704	0.3088	-9	0.4259	1.7777	1.1328	3.389	3.3291	LUNG
PECAPJ15_UPPER_AERODIGESTIVE_TRACT..ACH.000619.	-9	-9	-9	-9	-9	-9	-9	-9	-9	-9	-9	-9	-9	-9	-9	-9	-9	-9	-9	-9	-9	-9	-9	-9	UPPER_AERODIGESTIVE_TRACT
PECAPJ34CLONEC12_UPPER_AERODIGESTIVE_TRACT..ACH.000606.	-9	-9	-9	-9	-9	-9	-9	-9	-9	-9	-9	-9	-9	-9	-9	-9	-9	-9	-9	-9	-9	-9	-9	-9	UPPER_AERODIGESTIVE_TRACT
PECAPJ41CLONED2_UPPER_AERODIGESTIVE_TRACT..ACH.000732.	-9	-9	-9	-9	-9	-9	-9	-9	-9	-9	-9	-9	-9	-9	-9	-9	-9	-9	-9	-9	-9	-9	-9	-9	UPPER_AERODIGESTIVE_TRACT
PECAPJ49_UPPER_AERODIGESTIVE_TRACT..ACH.000735.	-9	-9	-9	-9	-9	-9	-9	-9	-9	-9	-9	-9	-9	-9	-9	-9	-9	-9	-9	-9	-9	-9	-9	-9	UPPER_AERODIGESTIVE_TRACT
PEER_HAEMATOPOIETIC_AND_LYMPHOID_TISSUE..ACH.000519.	-9	-9	-9	-9	-9	-9	-9	-9	-9	-9	-9	-9	-9	-9	-9	-9	-9	-9	-9	-9	-9	-9	-9	-9	HAEMATOPOIETIC_AND_LYMPHOID_TISSUE
PF382_HAEMATOPOIETIC_AND_LYMPHOID_TISSUE..ACH.000937.	-9	-9	-9	-9	-9	-9	-9	-9	-9	-9	-9	-9	-9	-9	-9	-9	-9	-9	-9	-9	-9	-9	-9	-9	HAEMATOPOIETIC_AND_LYMPHOID_TISSUE
PFEIFFER_HAEMATOPOIETIC_AND_LYMPHOID_TISSUE..ACH.000140.	3.259	0.7562	1.7467	0.2601	1.171	-9	0	0.35	0.5354	0.5337	0.2595	7.1858	5.5938	0.8899	0.6917	1.1214	0.8396	0.484	3.2177	0.06782	1.406	1.5483	4.1862	2.6843	HAEMATOPOIETIC_AND_LYMPHOID_TISSUE
PK1_PANCREAS..ACH.000307.	4.3709	0.6571	1.1932	1.5048	0.5614	3.4797	0	0.7236	0.2971	0.1723	0.3042	5.4913	3.7359	2.5158	0.07151	0.4587	0.0112	0.4061	1.8609	0.6839	0.8173	0.8821	2.5477	1.4442	PANCREAS
PK45H_PANCREAS..ACH.000468.	3.7247	1.175	1.4521	3.606	0.3102	2.0877	0	0.43	0.2142	0.221	0.2626	5.3968	4.0222	4.299	0.4232	0.5456	0.3306	0.6814	1.7126	0.06274	1.4209	0.92	0.9304	1.5834	PANCREAS
PK59_PANCREAS..ACH.000205.	3.0683	0.8059	0.8084	1.0042	0.2714	2.1066	0.2201	0.5183	0.1425	0.3275	0	4.3007	3.8702	2.4655	0.4778	0.494	0	0.01353	1.4062	0.3679	1.2743	0.6624	2.2588	0.4785	PANCREAS
PL21_HAEMATOPOIETIC_AND_LYMPHOID_TISSUE..ACH.000218.	-9	-9	-9	-9	-9	-9	-9	-9	-9	-9	-9	-9	-9	-9	-9	-9	-9	-9	-9	-9	-9	-9	-9	-9	HAEMATOPOIETIC_AND_LYMPHOID_TISSUE
PLB985_HAEMATOPOIETIC_AND_LYMPHOID_TISSUE..ACH.000034.	-9	-9	-9	-9	-9	-9	-9	-9	-9	-9	-9	-9	-9	-9	-9	-9	-9	-9	-9	-9	-9	-9	-9	-9	HAEMATOPOIETIC_AND_LYMPHOID_TISSUE
PLCPRF5_LIVER..ACH.001318.	4.0595	0.6843	0.8137	0.8398	0.3737	2.4007	0	1.2112	0.4128	0.8893	1.0226	5.357	4.822	1.2975	0.8374	0.9598	0.1747	0.2036	2.0258	0.4683	0.5653	0.9898	1.2708	0.6968	LIVER
PSN1_PANCREAS..ACH.000320.	3.4967	0.5187	0.1458	2.4693	0.2199	-9	0.543	0.05786	0.3796	-9	0.2706	5.7164	4.1128	3.0172	-9	0.04047	0.7477	0.07306	-9	0.2279	0.8693	0.2996	2.709	0.4477	PANCREAS
QGP1_PANCREAS..ACH.000347.	3.341	1.5339	0.6628	3.5502	0.7446	-9	0.243	0.4053	0.7079	-9	0.3865	5.2985	4.2756	3.7813	-9	0.3333	0.9048	0.6036	-9	0.5314	1.2875	1.0263	1.2569	0.2302	PANCREAS
RAJI_HAEMATOPOIETIC_AND_LYMPHOID_TISSUE..ACH.000654.	1.9767	0.4082	0.0146	0.2204	0.218	-9	0.3786	0.3515	0.0443	0.3417	0.5263	6.0218	4.1707	0.5314	0.2033	0.02249	0.4254	0.121	0.5103	0.03069	0.1373	0.3131	3.4747	0.8993	HAEMATOPOIETIC_AND_LYMPHOID_TISSUE
RCC10RGB_KIDNEY..ACH.000189.	-9	-9	-9	-9	-9	-9	-9	-9	-9	-9	-9	-9	-9	-9	-9	-9	-9	-9	-9	-9	-9	-9	-9	-9	KIDNEY
RCHACV_HAEMATOPOIETIC_AND_LYMPHOID_TISSUE..ACH.000922.	-9	-9	-9	-9	-9	-9	-9	-9	-9	-9	-9	-9	-9	-9	-9	-9	-9	-9	-9	-9	-9	-9	-9	-9	HAEMATOPOIETIC_AND_LYMPHOID_TISSUE
RCM1_LARGE_INTESTINE..ACH.000565.	-9	-9	-9	-9	-9	-9	-9	-9	-9	-9	-9	-9	-9	-9	-9	-9	-9	-9	-9	-9	-9	-9	-9	-9	LARGE_INTESTINE
RDES_BONE..ACH.000041.	-9	-9	-9	-9	-9	-9	-9	-9	-9	-9	-9	-9	-9	-9	-9	-9	-9	-9	-9	-9	-9	-9	-9	-9	BONE
RD_SOFT_TISSUE..ACH.000169.	4.2745	1.6448	0.8706	2.5031	0.1262	-9	0.3171	0.195	0.6438	-9	0.3467	5.9449	5.2349	2.6177	0.002948	0.7359	0.635	0.1876	1.5202	0.4051	1.4087	0.4683	2.7238	1.474	SOFT_TISSUE
REC1_HAEMATOPOIETIC_AND_LYMPHOID_TISSUE..ACH.000068.	-9	-9	-9	-9	-9	-9	-9	-9	-9	-9	-9	-9	-9	-9	-9	-9	-9	-9	-9	-9	-9	-9	-9	-9	HAEMATOPOIETIC_AND_LYMPHOID_TISSUE
REH_HAEMATOPOIETIC_AND_LYMPHOID_TISSUE..ACH.000960.	3.0737	0.8788	0.00713	0.04644	0.1718	-9	1.0459	0.4909	1.5628	0.577	0.573	6.7887	4.9712	0	0.7898	0.8942	0.4732	0.8706	-9	0.4783	1.1366	1.3379	4.3275	0.08253	HAEMATOPOIETIC_AND_LYMPHOID_TISSUE
RERFGC1B_STOMACH..ACH.000144.	1.4162	1.5338	2.1467	1.7254	0.4351	-9	0.03254	0.717	0.1773	0.08913	0.2647	4.5754	4.1861	1.5846	0.01805	0.3046	0.3157	0.5411	0.4918	0.1891	0.9959	0.7177	3.4388	2.0009	STOMACH
RERFLCAD1_LUNG..ACH.000791.	-9	-9	-9	-9	-9	-9	-9	-9	-9	-9	-9	-9	-9	-9	-9	-9	-9	-9	-9	-9	-9	-9	-9	-9	LUNG
RERFLCAD2_LUNG..ACH.000774.	-9	-9	-9	-9	-9	-9	-9	-9	-9	-9	-9	-9	-9	-9	-9	-9	-9	-9	-9	-9	-9	-9	-9	-9	LUNG
RERFLCAI_LUNG..ACH.000261.	4.175	0.675	0	1.0537	0.2999	2.9952	0.3502	0.306	0.3965	0.3106	0.2795	6.7642	4.4865	1.1637	0.1348	0.498	0.002634	0.1812	1.7063	0.03211	0.873	1.0698	2.7835	0.4954	LUNG
RERFLCKJ_LUNG..ACH.000482.	-9	-9	-9	-9	-9	-9	-9	-9	-9	-9	-9	-9	-9	-9	-9	-9	-9	-9	-9	-9	-9	-9	-9	-9	LUNG
RERFLCMS_LUNG..ACH.000062.	3.202	0.4693	0.06091	-9	0	-9	0.01935	0.03182	-9	0	0	5.9558	3.3784	0.6165	0.0986	0.005164	-9	0.482	0.4206	0.07522	0.07675	0.2032	1.2569	0.878	LUNG
RERFLCSQ1_LUNG..ACH.000442.	-9	-9	-9	-9	-9	-9	-9	-9	-9	-9	-9	-9	-9	-9	-9	-9	-9	-9	-9	-9	-9	-9	-9	-9	LUNG
RH18_SOFT_TISSUE..ACH.000689.	-9	-9	-9	-9	-9	-9	-9	-9	-9	-9	-9	-9	-9	-9	-9	-9	-9	-9	-9	-9	-9	-9	-9	-9	SOFT_TISSUE
RH30_SOFT_TISSUE..ACH.000833.	-9	-9	-9	-9	-9	-9	-9	-9	-9	-9	-9	-9	-9	-9	-9	-9	-9	-9	-9	-9	-9	-9	-9	-9	SOFT_TISSUE
RH41_SOFT_TISSUE..ACH.000100.	-9	-9	-9	-9	-9	-9	-9	-9	-9	-9	-9	-9	-9	-9	-9	-9	-9	-9	-9	-9	-9	-9	-9	-9	SOFT_TISSUE
RI1_HAEMATOPOIETIC_AND_LYMPHOID_TISSUE..ACH.000398.	-9	-9	-9	-9	-9	-9	-9	-9	-9	-9	-9	-9	-9	-9	-9	-9	-9	-9	-9	-9	-9	-9	-9	-9	HAEMATOPOIETIC_AND_LYMPHOID_TISSUE
RKN_SOFT_TISSUE..ACH.000505.	-9	-9	-9	-9	-9	-9	-9	-9	-9	-9	-9	-9	-9	-9	-9	-9	-9	-9	-9	-9	-9	-9	-9	-9	SOFT_TISSUE
RKO_LARGE_INTESTINE..ACH.000943.	4.4812	0.8444	0.6394	2.2005	0.06025	3.213	0.2558	0.302	0.2353	0.5761	0.6938	6.6097	4.4547	3.2954	0.6835	0.9374	0.47	0.9622	1.7043	0.8653	1.6675	0.7962	3.5301	0.876	LARGE_INTESTINE
RL952_ENDOMETRIUM..ACH.000965.	3.2136	1.2066	1.6957	2.7961	1.5385	2.1034	0.3091	1.3016	0.1315	0.479	0.6145	6.095	4.9122	3.5574	0.5663	0.8308	0	0.228	2.0185	0.1355	1.0425	1.3047	1.9966	1.5608	ENDOMETRIUM
RL_HAEMATOPOIETIC_AND_LYMPHOID_TISSUE..ACH.000371.	-9	-9	-9	-9	-9	-9	-9	-9	-9	-9	-9	-9	-9	-9	-9	-9	-9	-9	-9	-9	-9	-9	-9	-9	HAEMATOPOIETIC_AND_LYMPHOID_TISSUE
RMGI_OVARY..ACH.000719.	-9	-9	-9	-9	-9	-9	-9	-9	-9	-9	-9	-9	-9	-9	-9	-9	-9	-9	-9	-9	-9	-9	-9	-9	OVARY
RMUGS_OVARY..ACH.000701.	-9	-9	-9	-9	-9	-9	-9	-9	-9	-9	-9	-9	-9	-9	-9	-9	-9	-9	-9	-9	-9	-9	-9	-9	OVARY
RPMI7951_SKIN..ACH.000348.	5.8391	0.9825	0.8065	1.1178	0.172	-9	0.217	0.212	0.5193	-9	0.2262	6.9914	4.7622	1.5961	-9	0.9346	0.7986	0.54	1.3954	0.1968	1.0404	0.6471	3.4621	1.2281	SKIN
RPMI8226_HAEMATOPOIETIC_AND_LYMPHOID_TISSUE..ACH.000817.	-9	-9	-9	-9	-9	-9	-9	-9	-9	-9	-9	-9	-9	-9	-9	-9	-9	-9	-9	-9	-9	-9	-9	-9	HAEMATOPOIETIC_AND_LYMPHOID_TISSUE
RPMI8402_HAEMATOPOIETIC_AND_LYMPHOID_TISSUE..ACH.000636.	3.1359	1.8775	1.0333	0.6701	0.6156	5.2731	0.9611	1.2147	0.8364	1.0203	1.1439	6.4498	5.8744	0.4658	2.1229	1.1405	0.5896	0.2035	1.9536	1.1083	2.4255	1.8524	5.2886	0.9664	HAEMATOPOIETIC_AND_LYMPHOID_TISSUE
RS411_HAEMATOPOIETIC_AND_LYMPHOID_TISSUE..ACH.000874.	-9	-9	-9	-9	-9	-9	-9	-9	-9	-9	-9	-9	-9	-9	-9	-9	-9	-9	-9	-9	-9	-9	-9	-9	HAEMATOPOIETIC_AND_LYMPHOID_TISSUE
RS5_FIBROBLAST..ACH.000531.	-9	-9	-9	-9	-9	-9	-9	-9	-9	-9	-9	-9	-9	-9	-9	-9	-9	-9	-9	-9	-9	-9	-9	-9	FIBROBLAST
RT112_URINARY_TRACT..ACH.000473.	4.3543	2.1877	1.0985	1.6626	0.3784	3.78	0.02406	0.7505	0.3585	0.2699	0.6725	6.9774	4.9117	3.0522	0.5327	1.2498	0.1706	0.02544	0.9746	0.6547	2.9431	2.3504	4.3472	1.3419	URINARY_TRACT
RT4_URINARY_TRACT..ACH.000242.	4.2034	1.0211	3.5666	1.6026	1.6683	3.1885	0.4634	1.889	1.7115	0.7336	1.0192	6.3166	4.7139	2.4741	1.7181	0.8884	1.0759	0.3804	1.4049	0.9329	2.2436	2.1163	2.83	2.5269	URINARY_TRACT
RVH421_SKIN..ACH.000614.	4.0161	0.329	0	2.5274	0.05907	1.1385	0.1654	0.1602	0.1933	0.2469	0.7626	3.8473	4.0976	4.4939	1.0254	0.3367	0.2618	2.1201	1.518	0	0.3535	0.7289	1.22	1.3958	SKIN
S117_SOFT_TISSUE..ACH.000037.	-9	-9	-9	-9	-9	-9	-9	-9	-9	-9	-9	-9	-9	-9	-9	-9	-9	-9	-9	-9	-9	-9	-9	-9	SOFT_TISSUE
SALE_LUNG..ACH.000064.	-9	-9	-9	-9	-9	-9	-9	-9	-9	-9	-9	-9	-9	-9	-9	-9	-9	-9	-9	-9	-9	-9	-9	-9	LUNG
SAOS2_BONE..ACH.000410.	2.9737	1.8071	1.2774	0.2236	0.2072	3.7048	0.4832	0.5612	0.3765	1.0258	0.2842	6.0694	4.3266	0.104	0.1887	0.8489	0	0.2537	1.8359	0.4878	1.6125	1.49	3.5564	0.6431	BONE
SBC5_LUNG..ACH.000670.	2.6699	0.6521	0.04244	0.5487	0.1555	3.3657	0.024	0.2793	0.3379	0.5386	0.5119	6.4903	4.3195	0.9161	0.02076	0.8519	0.2232	0.1305	0.5404	0.539	0.6623	1.0095	3.162	0.1834	LUNG
SCABER_URINARY_TRACT..ACH.000839.	3.4438	1.0551	1.6172	1.7235	2.0435	2.5283	0.07285	1.7113	1.2494	0.196	0.272	6.5622	4.1539	2.4202	0.6056	0.3951	0.1211	0.2984	1.258	0.6011	1.2242	1.5668	2.157	1.8441	URINARY_TRACT
SCC15_UPPER_AERODIGESTIVE_TRACT..ACH.000254.	-9	-9	-9	-9	-9	-9	-9	-9	-9	-9	-9	-9	-9	-9	-9	-9	-9	-9	-9	-9	-9	-9	-9	-9	UPPER_AERODIGESTIVE_TRACT
SCC25_UPPER_AERODIGESTIVE_TRACT..ACH.000188.	4.46	-9	1.1035	0.494	-9	-9	0.1254	1.1151	1.593	-9	0.5353	6.8063	-9	1.3214	0.5614	0.3788	0.7471	0.3717	1.4881	0.3316	0.9235	0.5498	3.3078	2.5074	UPPER_AERODIGESTIVE_TRACT
SCC4_UPPER_AERODIGESTIVE_TRACT..ACH.000238.	-9	-9	-9	-9	-9	-9	-9	-9	-9	-9	-9	-9	-9	-9	-9	-9	-9	-9	-9	-9	-9	-9	-9	-9	UPPER_AERODIGESTIVE_TRACT
SCC9_UPPER_AERODIGESTIVE_TRACT..ACH.000181.	4.7346	1.2564	1.3741	1.6772	2.1038	-9	0.2541	1.1401	1.1435	-9	0.1992	5.2099	5.3576	2.6857	-9	0.4683	1.1941	0.2032	1.5306	0.2901	0.4782	0.7652	2.3581	2.7298	UPPER_AERODIGESTIVE_TRACT
SCLC21H_LUNG..ACH.000659.	-9	-9	-9	-9	-9	-9	-9	-9	-9	-9	-9	-9	-9	-9	-9	-9	-9	-9	-9	-9	-9	-9	-9	-9	LUNG
SEM_HAEMATOPOIETIC_AND_LYMPHOID_TISSUE..ACH.000782.	-9	-9	-9	-9	-9	-9	-9	-9	-9	-9	-9	-9	-9	-9	-9	-9	-9	-9	-9	-9	-9	-9	-9	-9	HAEMATOPOIETIC_AND_LYMPHOID_TISSUE
SET2_HAEMATOPOIETIC_AND_LYMPHOID_TISSUE..ACH.000195.	-9	-9	-9	-9	-9	-9	-9	-9	-9	-9	-9	-9	-9	-9	-9	-9	-9	-9	-9	-9	-9	-9	-9	-9	HAEMATOPOIETIC_AND_LYMPHOID_TISSUE
SF126_CENTRAL_NERVOUS_SYSTEM..ACH.000609.	2.7719	0.9526	0.5959	0.2737	0.07066	3.7926	0.05543	0.3474	0.2755	0.5877	0.08125	4.6195	4.1631	1.0433	0.4761	0.4382	0	0.2292	1.8753	0.5917	1.3627	1.4397	4.3635	0.5404	CENTRAL_NERVOUS_SYSTEM
SF172_CENTRAL_NERVOUS_SYSTEM..ACH.000887.	-9	-9	-9	-9	-9	-9	-9	-9	-9	-9	-9	-9	-9	-9	-9	-9	-9	-9	-9	-9	-9	-9	-9	-9	CENTRAL_NERVOUS_SYSTEM
SF268_CENTRAL_NERVOUS_SYSTEM..ACH.000655.	-9	-9	-9	-9	-9	-9	-9	-9	-9	-9	-9	-9	-9	-9	-9	-9	-9	-9	-9	-9	-9	-9	-9	-9	CENTRAL_NERVOUS_SYSTEM
SF295_CENTRAL_NERVOUS_SYSTEM..ACH.000376.	3.2674	0.9258	0.4257	0.466	0.1438	2.844	0.05788	0.4123	0.2531	0.2989	0.2025	4.5241	3.2886	0.6552	0.1626	0.8342	0.4697	0.2133	1.337	0.2399	1.0372	0.9636	3.0484	0.1916	CENTRAL_NERVOUS_SYSTEM
SF539_CENTRAL_NERVOUS_SYSTEM..ACH.000273.	-9	-9	-9	-9	-9	-9	-9	-9	-9	-9	-9	-9	-9	-9	-9	-9	-9	-9	-9	-9	-9	-9	-9	-9	CENTRAL_NERVOUS_SYSTEM
SF767_CENTRAL_NERVOUS_SYSTEM..ACH.000490.	-9	-9	-9	-9	-9	-9	-9	-9	-9	-9	-9	-9	-9	-9	-9	-9	-9	-9	-9	-9	-9	-9	-9	-9	CENTRAL_NERVOUS_SYSTEM
SH10TC_STOMACH..ACH.000764.	2.8494	0.4969	0.4559	0.04748	0.1529	1.4957	0.02568	0.2517	0.8402	0.4446	0.129	5.5243	3.9183	0.2473	0	0.2376	0.0805	0.1525	1.0873	0.6857	0.6445	0.3967	1.5113	0.07919	STOMACH
SH4_SKIN..ACH.000441.	-9	-9	-9	-9	-9	-9	-9	-9	-9	-9	-9	-9	-9	-9	-9	-9	-9	-9	-9	-9	-9	-9	-9	-9	SKIN
SHP77_LUNG..ACH.000790.	3.0618	0.1697	0.2412	0.2575	0.2221	1.4702	0.1699	0.2586	0.4285	0.2396	0.252	3.8193	4.1427	0.6498	0	0.604	0	0.1171	0.4491	0.04803	0.5531	0.576	0.7999	0.4023	LUNG
SIGM5_HAEMATOPOIETIC_AND_LYMPHOID_TISSUE..ACH.000112.	4.1762	2.8203	3.1197	6.4934	1.9143	5.4087	2.5181	1.3094	1.1165	2.294	2.9584	7.4525	6.2273	7.3807	2.9168	1.9859	1.5314	5.2178	3.8609	2.421	3.3125	2.4769	5.3778	1.5623	HAEMATOPOIETIC_AND_LYMPHOID_TISSUE
SIMA_AUTONOMIC_GANGLIA..ACH.000099.	2.3687	2.8915	1.0497	1.7358	0.1907	4.8066	1.2502	0.5922	0.6322	1.172	0.8092	5.5779	4.7345	3.3683	1.6616	1.0319	0.4474	0.1373	2.1238	1.1921	2.6995	1.5244	4.5036	1.3277	AUTONOMIC_GANGLIA
SJSA1_BONE..ACH.000748.	3.2033	1.5288	1.3996	0.833	0.4775	-9	0.2222	0.3625	0.6123	-9	1.339	5.3659	4.1913	1.746	0.6593	0.6386	0.5401	0	1.1671	0.9267	1.2566	0.5718	3.5615	0.984	BONE
SKBR3_BREAST..ACH.000017.	3.3439	0.7471	0.4847	0	0.6481	4.3951	0.04103	2.9047	0.2658	0.3601	0.0506	5.046	5.2138	0.04932	0	0	0.2668	0.19	1.4072	0.7789	0.0109	0.396	4.2169	0.6819	BREAST
SKCO1_LARGE_INTESTINE..ACH.000400.	3.9465	1.1108	1.7353	2.6927	0.7601	-9	1.0297	1.0674	0.466	1.199	0.5605	2.6585	3.4435	3.5121	0.16	0.8491	0.2464	0.4569	1.0695	0.448	2.2025	0.7474	2.2109	1.6106	LARGE_INTESTINE
SKES1_BONE..ACH.000087.	2.7715	1.9883	1.0395	0.7745	0.8541	5.3432	0.9015	0.3363	0.3386	0.6998	0.21	6.7784	5.2424	0	0.5761	1.0904	0.1814	1.0572	2.7301	0.5736	2.3471	1.6445	5.0616	1.3934	BONE
SKHEP1_LIVER..ACH.000361.	1.9799	0.8338	0	1.2855	0.3647	1.9584	0	0.1027	0.3588	0.1774	0.8066	4.968	3.5627	1.683	0.3311	0.3791	0.005834	0.4923	2.3493	0.3457	0.4886	1.1864	1.9181	0.2105	LIVER
SKLMS1_SOFT_TISSUE..ACH.000145.	3.9869	1.8429	1.0581	1.6815	1.0627	-9	-9	0.9194	2.3205	-9	1.5613	5.2374	4.5119	2.158	-9	1.9054	1.4862	0.7352	-9	0.3121	1.7813	1.636	3.7843	1.4378	SOFT_TISSUE
SKLU1_LUNG..ACH.000309.	4.1513	1.1	1.7584	1.4771	0.5373	2.8009	0.1226	0.7137	1.6585	0.2903	0.7127	4.591	4.0676	2.4447	0.8757	0.7572	1.0882	0.5841	2.0361	0.02507	1.8224	1.5633	3.1782	1.5185	LUNG
SKM1_HAEMATOPOIETIC_AND_LYMPHOID_TISSUE..ACH.000373.	-9	-9	-9	-9	-9	-9	-9	-9	-9	-9	-9	-9	-9	-9	-9	-9	-9	-9	-9	-9	-9	-9	-9	-9	HAEMATOPOIETIC_AND_LYMPHOID_TISSUE
SKMEL1_SKIN..ACH.000465.	-9	-9	-9	-9	-9	-9	-9	-9	-9	-9	-9	-9	-9	-9	-9	-9	-9	-9	-9	-9	-9	-9	-9	-9	SKIN
SKMEL24_SKIN..ACH.000822.	3.5284	1.1943	0.514	2.0305	0.1272	2.8192	0	0.3248	0.795	0.5484	0.3876	3.0234	3.9406	2.8012	0.1802	0.3011	0.2063	1.0325	1.1696	0.06075	1.0744	0.339	1.972	0.8517	SKIN
SKMEL28_SKIN..ACH.000615.	-9	-9	-9	-9	-9	-9	-9	-9	-9	-9	-9	-9	-9	-9	-9	-9	-9	-9	-9	-9	-9	-9	-9	-9	SKIN
SKMEL30_SKIN..ACH.000810.	1.6956	0.4842	0	3.251	0	1.6605	0	0.027	0.01642	0.2941	0.04694	3.9556	3.2337	4.6005	0.01621	0.1049	0.23	0.0465	1.63	0.4895	0.267	0.1669	1.2816	0.1765	SKIN
SKMEL31_SKIN..ACH.000640.	2.3166	0.9608	0.3513	0.8945	0.1344	1.848	0.3232	0.5777	0.9024	0.5639	0.4347	4.1256	4.2725	0.6448	0.002502	0.8366	0.3766	0.4061	0.9376	0.09934	1.0295	0.6211	1.2612	1.5222	SKIN
SKMEL3_SKIN..ACH.000423.	-9	-9	-9	-9	-9	-9	-9	-9	-9	-9	-9	-9	-9	-9	-9	-9	-9	-9	-9	-9	-9	-9	-9	-9	SKIN
SKMEL5_SKIN..ACH.000730.	1.6628	1.3453	0.2502	2.9562	0.4067	3.1361	0.07814	0.03464	1.3178	0.4471	0.9531	4.9196	4.3233	4.2166	0.3079	0.273	0.2392	2.0478	3.0013	0.9226	0.8215	0.6991	2.5007	0.2841	SKIN
SKMES1_LUNG..ACH.000665.	4.0054	1.921	2.5709	0.8823	2.3791	-9	-9	2.0259	2.5655	-9	1.4989	4.9906	4.3314	2.3037	-9	1.3051	1.9638	1.0515	-9	0.5808	2.4285	1.6466	3.7728	2.0888	LUNG
SKMM2_HAEMATOPOIETIC_AND_LYMPHOID_TISSUE..ACH.000363.	3.3913	1.0993	1.6679	1.3523	1.4542	1.9241	0.1733	1.2505	0.5493	0.5101	0.1509	6.3364	4.3589	2.1132	0.5401	0.6414	0.6933	0.3525	2.9091	0.9437	0.92	1.0196	2.4981	1.3733	HAEMATOPOIETIC_AND_LYMPHOID_TISSUE
SKNAS_AUTONOMIC_GANGLIA..ACH.000260.	2.5368	1.1907	0.3985	3.1582	0.03266	-9	0.4597	0.08355	0.5947	-9	0.3259	5.2472	5.2683	3.5526	0.8092	1.1172	0.09334	0.07928	-9	0.3163	1.356	0.2845	3.1954	0.9418	AUTONOMIC_GANGLIA
SKNBE2_AUTONOMIC_GANGLIA..ACH.000312.	2.2439	1.5323	0.4317	1.5398	0.2446	3.6462	0.7336	0.1607	0.2685	0.5456	0.4808	5.9311	5.538	2.5482	2.048	0.9918	0.1546	0.0524	0.6933	0.3857	2.2338	0.7715	4.1463	0.7462	AUTONOMIC_GANGLIA
SKNDZ_AUTONOMIC_GANGLIA..ACH.000366.	2.942	1.9651	1.5357	0.7211	0.04943	-9	0.7382	0.1598	0.7765	-9	0.2146	5.864	5.6735	0.2465	0.8865	1.2322	0.4223	0.1446	0.6303	0.154	1.5215	0.986	3.8043	1.1118	AUTONOMIC_GANGLIA
SKNEP1_BONE..ACH.001192.	-9	-9	-9	-9	-9	-9	-9	-9	-9	-9	-9	-9	-9	-9	-9	-9	-9	-9	-9	-9	-9	-9	-9	-9	BONE
SKNFI_AUTONOMIC_GANGLIA..ACH.000341.	2.6195	2.0128	1.3394	1.8228	0.4157	-9	1.0696	0.3646	0.6466	-9	0.4112	3.4138	4.3873	1.9218	-9	0.4837	0.7685	0.2167	1.5365	0.5742	2.8196	0.7739	1.3133	1.5356	AUTONOMIC_GANGLIA
SKNMC_BONE..ACH.000039.	-9	-9	-9	-9	-9	-9	-9	-9	-9	-9	-9	-9	-9	-9	-9	-9	-9	-9	-9	-9	-9	-9	-9	-9	BONE
SKNO1_HAEMATOPOIETIC_AND_LYMPHOID_TISSUE..ACH.001656.	-9	-9	-9	-9	-9	-9	-9	-9	-9	-9	-9	-9	-9	-9	-9	-9	-9	-9	-9	-9	-9	-9	-9	-9	HAEMATOPOIETIC_AND_LYMPHOID_TISSUE
SKNSH_AUTONOMIC_GANGLIA..ACH.000149.	3.3319	2.7443	1.0388	0.5364	0.5904	-9	0.2392	0.5023	0.9145	1.0504	1.3029	4.8643	5.1937	1.1063	1.0097	1.827	0.5025	0.8964	1.9759	1.011	3.3946	1.2916	2.8988	1.1326	AUTONOMIC_GANGLIA
SKOV3_OVARY..ACH.000811.	2.3103	0.5344	1.1181	0.334	0.6147	2.4994	0	0.8272	2.6683	0.1564	0.5764	5.0501	3.3944	0.519	0.06216	0.02451	0.1467	0.3349	1.9759	0.4214	0.7187	0.7958	2.0795	0.9297	OVARY
SKPNDW_BONE..ACH.001193.	-9	-9	-9	-9	-9	-9	-9	-9	-9	-9	-9	-9	-9	-9	-9	-9	-9	-9	-9	-9	-9	-9	-9	-9	BONE
SKRC20_KIDNEY..ACH.000385.	-9	-9	-9	-9	-9	-9	-9	-9	-9	-9	-9	-9	-9	-9	-9	-9	-9	-9	-9	-9	-9	-9	-9	-9	KIDNEY
SKUT1_SOFT_TISSUE..ACH.000939.	-9	-9	-9	-9	-9	-9	-9	-9	-9	-9	-9	-9	-9	-9	-9	-9	-9	-9	-9	-9	-9	-9	-9	-9	SOFT_TISSUE
SLR20_KIDNEY..ACH.000127.	-9	-9	-9	-9	-9	-9	-9	-9	-9	-9	-9	-9	-9	-9	-9	-9	-9	-9	-9	-9	-9	-9	-9	-9	KIDNEY
SLR21_KIDNEY..ACH.000016.	-9	-9	-9	-9	-9	-9	-9	-9	-9	-9	-9	-9	-9	-9	-9	-9	-9	-9	-9	-9	-9	-9	-9	-9	KIDNEY
SLR23_KIDNEY..ACH.000246.	-9	-9	-9	-9	-9	-9	-9	-9	-9	-9	-9	-9	-9	-9	-9	-9	-9	-9	-9	-9	-9	-9	-9	-9	KIDNEY
SLR24_KIDNEY..ACH.000272.	-9	-9	-9	-9	-9	-9	-9	-9	-9	-9	-9	-9	-9	-9	-9	-9	-9	-9	-9	-9	-9	-9	-9	-9	KIDNEY
SLR25_KIDNEY..ACH.000300.	-9	-9	-9	-9	-9	-9	-9	-9	-9	-9	-9	-9	-9	-9	-9	-9	-9	-9	-9	-9	-9	-9	-9	-9	KIDNEY
SLR26_KIDNEY..ACH.000600.	-9	-9	-9	-9	-9	-9	-9	-9	-9	-9	-9	-9	-9	-9	-9	-9	-9	-9	-9	-9	-9	-9	-9	-9	KIDNEY
SNB75_CENTRAL_NERVOUS_SYSTEM..ACH.000504.	-9	-9	-9	-9	-9	-9	-9	-9	-9	-9	-9	-9	-9	-9	-9	-9	-9	-9	-9	-9	-9	-9	-9	-9	CENTRAL_NERVOUS_SYSTEM
SNGM_ENDOMETRIUM..ACH.000974.	3.6265	0.497	1.0556	1.1646	0.7714	2.0173	0.8261	0.5455	0.4892	0.3269	0.4692	5.7321	3.9169	1.1151	0.1502	0.2154	0.6993	0.2797	2.4101	0.4755	0.5714	0.8186	2.5829	1.8526	ENDOMETRIUM
SNU1033_LARGE_INTESTINE..ACH.000286.	-9	-9	-9	-9	-9	-9	-9	-9	-9	-9	-9	-9	-9	-9	-9	-9	-9	-9	-9	-9	-9	-9	-9	-9	LARGE_INTESTINE
SNU1040_LARGE_INTESTINE..ACH.000999.	-9	-9	-9	-9	-9	-9	-9	-9	-9	-9	-9	-9	-9	-9	-9	-9	-9	-9	-9	-9	-9	-9	-9	-9	LARGE_INTESTINE
SNU1041_UPPER_AERODIGESTIVE_TRACT..ACH.000618.	-9	-9	-9	-9	-9	-9	-9	-9	-9	-9	-9	-9	-9	-9	-9	-9	-9	-9	-9	-9	-9	-9	-9	-9	UPPER_AERODIGESTIVE_TRACT
SNU1066_UPPER_AERODIGESTIVE_TRACT..ACH.000682.	-9	-9	-9	-9	-9	-9	-9	-9	-9	-9	-9	-9	-9	-9	-9	-9	-9	-9	-9	-9	-9	-9	-9	-9	UPPER_AERODIGESTIVE_TRACT
SNU1076_UPPER_AERODIGESTIVE_TRACT..ACH.000549.	-9	-9	-9	-9	-9	-9	-9	-9	-9	-9	-9	-9	-9	-9	-9	-9	-9	-9	-9	-9	-9	-9	-9	-9	UPPER_AERODIGESTIVE_TRACT
SNU1077_ENDOMETRIUM..ACH.000302.	-9	-9	-9	-9	-9	-9	-9	-9	-9	-9	-9	-9	-9	-9	-9	-9	-9	-9	-9	-9	-9	-9	-9	-9	ENDOMETRIUM
SNU1105_CENTRAL_NERVOUS_SYSTEM..ACH.000368.	-9	-9	-9	-9	-9	-9	-9	-9	-9	-9	-9	-9	-9	-9	-9	-9	-9	-9	-9	-9	-9	-9	-9	-9	CENTRAL_NERVOUS_SYSTEM
SNU1197_LARGE_INTESTINE..ACH.000412.	-9	-9	-9	-9	-9	-9	-9	-9	-9	-9	-9	-9	-9	-9	-9	-9	-9	-9	-9	-9	-9	-9	-9	-9	LARGE_INTESTINE
SNU119_OVARY..ACH.000635.	-9	-9	-9	-9	-9	-9	-9	-9	-9	-9	-9	-9	-9	-9	-9	-9	-9	-9	-9	-9	-9	-9	-9	-9	OVARY
SNU1214_UPPER_AERODIGESTIVE_TRACT..ACH.000715.	-9	-9	-9	-9	-9	-9	-9	-9	-9	-9	-9	-9	-9	-9	-9	-9	-9	-9	-9	-9	-9	-9	-9	-9	UPPER_AERODIGESTIVE_TRACT
SNU1272_KIDNEY..ACH.000513.	-9	-9	-9	-9	-9	-9	-9	-9	-9	-9	-9	-9	-9	-9	-9	-9	-9	-9	-9	-9	-9	-9	-9	-9	KIDNEY
SNU16_STOMACH..ACH.000581.	5.2263	0.8653	0.4442	0.4836	0.4495	-9	0.8722	1.2279	0.4422	1.2124	0.211	7.5435	4.804	1.0717	0.7249	1.1576	0.5331	0.6333	2.3484	1.1606	3.0305	2.867	3.5655	2.4009	STOMACH
SNU175_LARGE_INTESTINE..ACH.000989.	-9	-9	-9	-9	-9	-9	-9	-9	-9	-9	-9	-9	-9	-9	-9	-9	-9	-9	-9	-9	-9	-9	-9	-9	LARGE_INTESTINE
SNU182_LIVER..ACH.000483.	2.0055	0.6863	0.943	1.7	0.9051	-9	0.1374	0.1451	0.2302	0.2845	0.2442	4.6237	4.3852	1.3371	0.4209	0.2485	1.2067	0.3584	0.837	0.04995	1.0013	0.3053	1.3273	0.9908	LIVER
SNU1_STOMACH..ACH.000932.	4.5573	0.9688	0.6094	1.9704	0.3576	-9	0.3243	0.4886	0.1107	0.566	1.27	4.8994	4.0105	3.7711	1.044	0.826	0	0.1584	1.8226	0.8939	1.4561	1.0972	3.6574	0.3717	STOMACH
SNU201_CENTRAL_NERVOUS_SYSTEM..ACH.000623.	-9	-9	-9	-9	-9	-9	-9	-9	-9	-9	-9	-9	-9	-9	-9	-9	-9	-9	-9	-9	-9	-9	-9	-9	CENTRAL_NERVOUS_SYSTEM
SNU213_PANCREAS..ACH.000266.	-9	-9	-9	-9	-9	-9	-9	-9	-9	-9	-9	-9	-9	-9	-9	-9	-9	-9	-9	-9	-9	-9	-9	-9	PANCREAS
SNU216_STOMACH..ACH.000466.	-9	-9	-9	-9	-9	-9	-9	-9	-9	-9	-9	-9	-9	-9	-9	-9	-9	-9	-9	-9	-9	-9	-9	-9	STOMACH
SNU283_LARGE_INTESTINE..ACH.000708.	-9	-9	-9	-9	-9	-9	-9	-9	-9	-9	-9	-9	-9	-9	-9	-9	-9	-9	-9	-9	-9	-9	-9	-9	LARGE_INTESTINE
SNU324_PANCREAS..ACH.000933.	-9	-9	-9	-9	-9	-9	-9	-9	-9	-9	-9	-9	-9	-9	-9	-9	-9	-9	-9	-9	-9	-9	-9	-9	PANCREAS
SNU349_KIDNEY..ACH.000907.	-9	-9	-9	-9	-9	-9	-9	-9	-9	-9	-9	-9	-9	-9	-9	-9	-9	-9	-9	-9	-9	-9	-9	-9	KIDNEY
SNU387_LIVER..ACH.000478.	3.05	1.0149	1.0306	0.4998	0.8118	-9	0.4401	0.8222	0.8547	-9	0.9645	4.7368	3.7306	0.8845	-9	0.8758	1.5203	1.2764	-9	0.7339	0.8824	0.3967	1.0026	0.6723	LIVER
SNU398_LIVER..ACH.000221.	2.5308	0.5915	0.6213	1.4041	0.01824	-9	1.342	0.2801	1.5732	-9	0.8702	6.988	4.3922	2.4054	-9	0.9383	0.5687	0.7115	1.397	0.7151	1.9352	1.0815	3.618	0.7031	LIVER
SNU407_LARGE_INTESTINE..ACH.000955.	-9	-9	-9	-9	-9	-9	-9	-9	-9	-9	-9	-9	-9	-9	-9	-9	-9	-9	-9	-9	-9	-9	-9	-9	LARGE_INTESTINE
SNU410_PANCREAS..ACH.000517.	-9	-9	-9	-9	-9	-9	-9	-9	-9	-9	-9	-9	-9	-9	-9	-9	-9	-9	-9	-9	-9	-9	-9	-9	PANCREAS
SNU423_LIVER..ACH.000493.	2.0606	0.1276	0.04521	0.3714	0	-9	0.5282	0.2067	0.7057	0.08987	0.1352	4.9445	3.1265	0.3718	0.5886	0.4193	0.8206	0.1018	0.6721	0.06403	0.2347	0.3549	0.8919	0.2162	LIVER
SNU449_LIVER..ACH.000420.	1.5499	0.8843	0.6314	0.2108	0.3379	1.6665	0	0.1797	0.4588	0.278	0.4246	1.808	3.3569	0.7212	0	0.2711	0.05912	0.3743	0.8266	0.5036	0.3874	0.2176	1.3044	1.1332	LIVER
SNU466_CENTRAL_NERVOUS_SYSTEM..ACH.000289.	-9	-9	-9	-9	-9	-9	-9	-9	-9	-9	-9	-9	-9	-9	-9	-9	-9	-9	-9	-9	-9	-9	-9	-9	CENTRAL_NERVOUS_SYSTEM
SNU46_UPPER_AERODIGESTIVE_TRACT..ACH.000500.	-9	-9	-9	-9	-9	-9	-9	-9	-9	-9	-9	-9	-9	-9	-9	-9	-9	-9	-9	-9	-9	-9	-9	-9	UPPER_AERODIGESTIVE_TRACT
SNU475_LIVER..ACH.000422.	3.9646	1.4655	0.6638	0.9279	0.6863	-9	0.4492	0.8682	2.3149	-9	0.8932	5	3.7899	0.9657	-9	0.7115	1.0051	0.6943	1.972	1.0406	0.914	1.0832	2.5168	0.6495	LIVER
SNU489_CENTRAL_NERVOUS_SYSTEM..ACH.000543.	-9	-9	-9	-9	-9	-9	-9	-9	-9	-9	-9	-9	-9	-9	-9	-9	-9	-9	-9	-9	-9	-9	-9	-9	CENTRAL_NERVOUS_SYSTEM
SNU503_LARGE_INTESTINE..ACH.000683.	-9	-9	-9	-9	-9	-9	-9	-9	-9	-9	-9	-9	-9	-9	-9	-9	-9	-9	-9	-9	-9	-9	-9	-9	LARGE_INTESTINE
SNU520_STOMACH..ACH.000908.	-9	-9	-9	-9	-9	-9	-9	-9	-9	-9	-9	-9	-9	-9	-9	-9	-9	-9	-9	-9	-9	-9	-9	-9	STOMACH
SNU5_STOMACH..ACH.000303.	-9	-9	-9	-9	-9	-9	-9	-9	-9	-9	-9	-9	-9	-9	-9	-9	-9	-9	-9	-9	-9	-9	-9	-9	STOMACH
SNU601_STOMACH..ACH.000736.	-9	-9	-9	-9	-9	-9	-9	-9	-9	-9	-9	-9	-9	-9	-9	-9	-9	-9	-9	-9	-9	-9	-9	-9	STOMACH
SNU61_LARGE_INTESTINE..ACH.000532.	-9	-9	-9	-9	-9	-9	-9	-9	-9	-9	-9	-9	-9	-9	-9	-9	-9	-9	-9	-9	-9	-9	-9	-9	LARGE_INTESTINE
SNU620_STOMACH..ACH.000325.	-9	-9	-9	-9	-9	-9	-9	-9	-9	-9	-9	-9	-9	-9	-9	-9	-9	-9	-9	-9	-9	-9	-9	-9	STOMACH
SNU626_CENTRAL_NERVOUS_SYSTEM..ACH.000370.	-9	-9	-9	-9	-9	-9	-9	-9	-9	-9	-9	-9	-9	-9	-9	-9	-9	-9	-9	-9	-9	-9	-9	-9	CENTRAL_NERVOUS_SYSTEM
SNU668_STOMACH..ACH.000344.	-9	-9	-9	-9	-9	-9	-9	-9	-9	-9	-9	-9	-9	-9	-9	-9	-9	-9	-9	-9	-9	-9	-9	-9	STOMACH
SNU685_ENDOMETRIUM..ACH.000407.	-9	-9	-9	-9	-9	-9	-9	-9	-9	-9	-9	-9	-9	-9	-9	-9	-9	-9	-9	-9	-9	-9	-9	-9	ENDOMETRIUM
SNU719_STOMACH..ACH.000898.	-9	-9	-9	-9	-9	-9	-9	-9	-9	-9	-9	-9	-9	-9	-9	-9	-9	-9	-9	-9	-9	-9	-9	-9	STOMACH
SNU738_CENTRAL_NERVOUS_SYSTEM..ACH.000807.	-9	-9	-9	-9	-9	-9	-9	-9	-9	-9	-9	-9	-9	-9	-9	-9	-9	-9	-9	-9	-9	-9	-9	-9	CENTRAL_NERVOUS_SYSTEM
SNU761_LIVER..ACH.000537.	-9	-9	-9	-9	-9	-9	-9	-9	-9	-9	-9	-9	-9	-9	-9	-9	-9	-9	-9	-9	-9	-9	-9	-9	LIVER
SNU81_LARGE_INTESTINE..ACH.000991.	-9	-9	-9	-9	-9	-9	-9	-9	-9	-9	-9	-9	-9	-9	-9	-9	-9	-9	-9	-9	-9	-9	-9	-9	LARGE_INTESTINE
SNU840_OVARY..ACH.000280.	-9	-9	-9	-9	-9	-9	-9	-9	-9	-9	-9	-9	-9	-9	-9	-9	-9	-9	-9	-9	-9	-9	-9	-9	OVARY
SNU878_LIVER..ACH.000686.	-9	-9	-9	-9	-9	-9	-9	-9	-9	-9	-9	-9	-9	-9	-9	-9	-9	-9	-9	-9	-9	-9	-9	-9	LIVER
SNU886_LIVER..ACH.000316.	-9	-9	-9	-9	-9	-9	-9	-9	-9	-9	-9	-9	-9	-9	-9	-9	-9	-9	-9	-9	-9	-9	-9	-9	LIVER
SNU899_UPPER_AERODIGESTIVE_TRACT..ACH.000692.	-9	-9	-9	-9	-9	-9	-9	-9	-9	-9	-9	-9	-9	-9	-9	-9	-9	-9	-9	-9	-9	-9	-9	-9	UPPER_AERODIGESTIVE_TRACT
SNU8_OVARY..ACH.000460.	-9	-9	-9	-9	-9	-9	-9	-9	-9	-9	-9	-9	-9	-9	-9	-9	-9	-9	-9	-9	-9	-9	-9	-9	OVARY
SNUC1_LARGE_INTESTINE..ACH.000722.	-9	-9	-9	-9	-9	-9	-9	-9	-9	-9	-9	-9	-9	-9	-9	-9	-9	-9	-9	-9	-9	-9	-9	-9	LARGE_INTESTINE
SNUC2A_LARGE_INTESTINE..ACH.000967.	2.7511	0.8231	1.326	1.3236	0.4618	-9	0	0.2618	1.2177	0.1011	0.542	3.9497	3.2683	1.8779	0.4366	0.5398	0.3268	0.05934	0.8695	0.6656	1.3696	0.272	2.2119	0.8732	LARGE_INTESTINE
SNUC4_LARGE_INTESTINE..ACH.000959.	-9	-9	-9	-9	-9	-9	-9	-9	-9	-9	-9	-9	-9	-9	-9	-9	-9	-9	-9	-9	-9	-9	-9	-9	LARGE_INTESTINE
SNUC5_LARGE_INTESTINE..ACH.000970.	-9	-9	-9	-9	-9	-9	-9	-9	-9	-9	-9	-9	-9	-9	-9	-9	-9	-9	-9	-9	-9	-9	-9	-9	LARGE_INTESTINE
SQ1_LUNG..ACH.000553.	4.1275	1.0544	1.9154	0.9389	0.9531	-9	0.4788	0.6781	3.2487	-9	0.06167	4.5905	4.9539	1.1333	-9	0.06157	1.4825	0.5213	-9	0.6838	0.7909	1.0249	2.0749	2.2652	LUNG
SR786_HAEMATOPOIETIC_AND_LYMPHOID_TISSUE..ACH.000338.	-9	-9	-9	-9	-9	-9	-9	-9	-9	-9	-9	-9	-9	-9	-9	-9	-9	-9	-9	-9	-9	-9	-9	-9	HAEMATOPOIETIC_AND_LYMPHOID_TISSUE
ST486_HAEMATOPOIETIC_AND_LYMPHOID_TISSUE..ACH.000567.	-9	-9	-9	-9	-9	-9	-9	-9	-9	-9	-9	-9	-9	-9	-9	-9	-9	-9	-9	-9	-9	-9	-9	-9	HAEMATOPOIETIC_AND_LYMPHOID_TISSUE
STM9101_SOFT_TISSUE..ACH.001200.	-9	-9	-9	-9	-9	-9	-9	-9	-9	-9	-9	-9	-9	-9	-9	-9	-9	-9	-9	-9	-9	-9	-9	-9	SOFT_TISSUE
SU8686_PANCREAS..ACH.000114.	2.4711	0.7582	0.3333	0.616	0.1866	-9	0.01013	0.09048	0.9071	-9	0.148	4.1376	3.8365	0.7627	0	0.2915	0.2854	0.2061	1.1501	0.2178	0.2885	0.1613	3.0704	0.5285	PANCREAS
SUDHL10_HAEMATOPOIETIC_AND_LYMPHOID_TISSUE..ACH.000271.	3.8928	1.0192	0.4912	0.4243	0.06596	3.1957	1.2785	0.7992	0.186	0.3176	0.0689	7.2354	5.3984	1.8426	1.3344	0.8983	0.06698	0	0.838	0.01542	1.2132	1.3126	4.0743	1.9595	HAEMATOPOIETIC_AND_LYMPHOID_TISSUE
SUDHL1_HAEMATOPOIETIC_AND_LYMPHOID_TISSUE..ACH.000664.	-9	-9	-9	-9	-9	-9	-9	-9	-9	-9	-9	-9	-9	-9	-9	-9	-9	-9	-9	-9	-9	-9	-9	-9	HAEMATOPOIETIC_AND_LYMPHOID_TISSUE
SUDHL4_HAEMATOPOIETIC_AND_LYMPHOID_TISSUE..ACH.000365.	3.7258	1.7337	3.6068	1.7324	1.0076	4.9707	1.3882	1.2882	1.8018	1.4978	1.9194	6.9533	5.8489	0.6981	2.4962	2.013	2.5702	1.988	1.5231	1.8441	2.3917	1.9076	5.315	2.2708	HAEMATOPOIETIC_AND_LYMPHOID_TISSUE
SUDHL5_HAEMATOPOIETIC_AND_LYMPHOID_TISSUE..ACH.000660.	-9	-9	-9	-9	-9	-9	-9	-9	-9	-9	-9	-9	-9	-9	-9	-9	-9	-9	-9	-9	-9	-9	-9	-9	HAEMATOPOIETIC_AND_LYMPHOID_TISSUE
SUDHL6_HAEMATOPOIETIC_AND_LYMPHOID_TISSUE..ACH.000611.	2.238	1.1025	1.7767	0.5246	0.3886	4.2453	3.2609	1.4096	1.2349	1.2999	0.2678	7.4814	6.1489	0.8526	1.8035	1.2027	2.0272	1.3646	1.4077	0.8653	1.2094	1.5187	4.0341	1.5809	HAEMATOPOIETIC_AND_LYMPHOID_TISSUE
SUDHL8_HAEMATOPOIETIC_AND_LYMPHOID_TISSUE..ACH.000656.	4.1173	1.6451	1.196	1.5696	0.689	5.546	1.2041	0.9553	1.3083	1.3969	0.7898	6.7813	6.3157	1.5111	2.4264	1.3599	1.3604	1.6986	1.7772	1.6194	1.7707	1.2434	5.4439	1.6841	HAEMATOPOIETIC_AND_LYMPHOID_TISSUE
SUIT2_PANCREAS..ACH.000652.	2.3478	0.9113	1.011	2.0782	0.9399	3.4227	0.05559	0.1841	0.2473	0.05218	0.2685	3.2842	3.1656	3.014	0.3509	0.2423	0.2108	0.2664	1.8839	0.6344	0.9789	0.9148	3.5594	0.7193	PANCREAS
SUPB15_HAEMATOPOIETIC_AND_LYMPHOID_TISSUE..ACH.000059.	-9	-9	-9	-9	-9	-9	-9	-9	-9	-9	-9	-9	-9	-9	-9	-9	-9	-9	-9	-9	-9	-9	-9	-9	HAEMATOPOIETIC_AND_LYMPHOID_TISSUE
SUPM2_HAEMATOPOIETIC_AND_LYMPHOID_TISSUE..ACH.000226.	4.1261	0.1908	0	1.0256	0	5.0054	0.3893	0	3.1432	0.1514	0.312	7.6077	5.489	1.5185	0.7352	1.7536	0.5715	0.1102	0.5358	0.04683	4.0199	0.08662	4.3541	0.3674	HAEMATOPOIETIC_AND_LYMPHOID_TISSUE
SUPT11_HAEMATOPOIETIC_AND_LYMPHOID_TISSUE..ACH.000122.	-9	-9	-9	-9	-9	-9	-9	-9	-9	-9	-9	-9	-9	-9	-9	-9	-9	-9	-9	-9	-9	-9	-9	-9	HAEMATOPOIETIC_AND_LYMPHOID_TISSUE
SUPT1_HAEMATOPOIETIC_AND_LYMPHOID_TISSUE..ACH.000953.	2.5547	0.8588	0.5452	0.02767	0.3717	-9	0.01857	0.2321	0.5272	0.6136	0.4434	5.2309	4.1072	0.4635	0.4662	0.2455	0.1771	0.3396	0.2498	0.05822	0.6526	0.1683	4.3655	1.0916	HAEMATOPOIETIC_AND_LYMPHOID_TISSUE
SW1088_CENTRAL_NERVOUS_SYSTEM..ACH.000437.	2.8038	0.09182	0.2863	0	0.1109	-9	0.3489	0.7047	0.02371	0.6276	0	4.9997	2.9392	0.03729	0.1536	0.2437	0.03335	0.4742	1.2931	0.0797	0.5267	0.8459	0.777	0.2384	CENTRAL_NERVOUS_SYSTEM
SW1116_LARGE_INTESTINE..ACH.000489.	-9	-9	-9	-9	-9	-9	-9	-9	-9	-9	-9	-9	-9	-9	-9	-9	-9	-9	-9	-9	-9	-9	-9	-9	LARGE_INTESTINE
SW1271_LUNG..ACH.000890.	2.6201	1.2973	1.3076	1.669	0.08464	3.0324	0.07391	0.1266	1.2443	0.6314	0.7121	4.1891	3.5354	2.2362	0.2713	0.7189	0.8502	0.5061	1.3744	0.3072	0.818	0.1423	3.209	0.9662	LUNG
SW1353_BONE..ACH.000418.	3.1215	0.7213	0.5077	0.9301	0.1981	2.646	0.02045	0.3409	0.3225	0.149	0.5273	5.3868	4.4823	1.3756	0.4901	0.6467	0.2262	0.414	1.5052	0.3081	1.8519	0.8432	2.2859	0.6321	BONE
SW1417_LARGE_INTESTINE..ACH.000236.	4.141	1.4761	2.5102	2.4436	0.3159	-9	0.349	0.9209	0.4361	-9	0.3706	5.1654	4.3976	3.5422	0.4307	0.5491	0.7279	1.6968	1.7389	0.8551	1.3905	0.653	3.6728	1.4917	LARGE_INTESTINE
SW1463_LARGE_INTESTINE..ACH.000470.	-9	-9	-9	-9	-9	-9	-9	-9	-9	-9	-9	-9	-9	-9	-9	-9	-9	-9	-9	-9	-9	-9	-9	-9	LARGE_INTESTINE
SW1573_LUNG..ACH.000677.	2.0416	1.3222	0.6893	0.9396	0.3446	-9	0.2926	0.3101	0.517	-9	0.4564	3.8372	3.9544	1.3967	-9	0.6794	0.4133	0.4281	-9	0.3386	1.4503	1.0356	4.6127	0.5897	LUNG
SW1710_URINARY_TRACT..ACH.000566.	-9	-9	-9	-9	-9	-9	-9	-9	-9	-9	-9	-9	-9	-9	-9	-9	-9	-9	-9	-9	-9	-9	-9	-9	URINARY_TRACT
SW1783_CENTRAL_NERVOUS_SYSTEM..ACH.000883.	-9	-9	-9	-9	-9	-9	-9	-9	-9	-9	-9	-9	-9	-9	-9	-9	-9	-9	-9	-9	-9	-9	-9	-9	CENTRAL_NERVOUS_SYSTEM
SW1990_PANCREAS..ACH.000155.	3.9558	1.0457	1.3081	1.5884	0.5871	-9	0.02302	0.8197	0.1944	0.7679	1.2615	4.7138	3.6605	2.9671	0.3129	1.0859	0.06233	0.6876	1.7576	0.06581	1.7119	0.8337	4.2077	0.6381	PANCREAS
SW403_LARGE_INTESTINE..ACH.000820.	4.3652	1.9928	1.1138	2.9688	1.0355	2.8655	0.2892	1.8469	1.6262	0.2939	0.2976	5.8697	5.1316	4.8714	1.0767	0.9122	0.2497	0.1555	0.7067	0.003239	2.2255	0.6138	4.7006	1.5593	LARGE_INTESTINE
SW480_LARGE_INTESTINE..ACH.000842.	2.2298	1.4152	0.1153	2.2851	0.2869	2.3517	0.0563	0.2645	0.07069	0.09498	0.6109	3.6134	3.7592	3.2477	0.1182	0.3502	0	0.08871	1.3007	0.3728	0.995	0.9111	2.9514	0.5891	LARGE_INTESTINE
SW48_LARGE_INTESTINE..ACH.000958.	5.8824	2.1955	1.6492	4.7855	2.558	4.33	0.9012	2.7696	0.4682	0.3872	1.0407	6.6415	4.6508	5.322	1.7552	0.8926	0.131	0	1.1192	0.5355	3.1949	1.5286	4.0017	2.9371	LARGE_INTESTINE
SW620_LARGE_INTESTINE..ACH.000651.	4.962	1.4577	0.09312	3.5274	0	3.6838	0	0	0.06866	0.1627	0.4372	6.0438	4.822	4.7172	0.7942	1.122	0	0.09719	1.2912	0.4125	1.9704	1.0755	3.5414	1.2619	LARGE_INTESTINE
SW780_URINARY_TRACT..ACH.000384.	2.995	1.1134	0.23	1.8812	0.9057	2.3722	0.001849	0.6584	0.9118	0.2467	0.7854	5.5322	3.3299	2.6984	0.2847	0.3069	0.3776	0.1303	0.5686	0.1231	1.36	1.1861	1.975	0.5018	URINARY_TRACT
SW837_LARGE_INTESTINE..ACH.000421.	-9	-9	-9	-9	-9	-9	-9	-9	-9	-9	-9	-9	-9	-9	-9	-9	-9	-9	-9	-9	-9	-9	-9	-9	LARGE_INTESTINE
SW900_LUNG..ACH.000669.	2.5565	0.3003	0.3648	0.3037	0.1385	-9	0.03436	0.4217	0.5001	0.3543	0.3107	4.5352	1.8786	1.1128	0.4161	0.5228	0.09265	0.01962	0.6137	0.4596	0.4458	0.464	1.0695	0.2478	LUNG
SW948_LARGE_INTESTINE..ACH.000680.	-9	-9	-9	-9	-9	-9	-9	-9	-9	-9	-9	-9	-9	-9	-9	-9	-9	-9	-9	-9	-9	-9	-9	-9	LARGE_INTESTINE
T173_FIBROBLAST..ACH.000529.	-9	-9	-9	-9	-9	-9	-9	-9	-9	-9	-9	-9	-9	-9	-9	-9	-9	-9	-9	-9	-9	-9	-9	-9	FIBROBLAST
T24_URINARY_TRACT..ACH.000018.	3.6966	0.7722	1.5531	1.535	0.8934	4.5191	0.424	0.416	0.6445	0.1709	0.8099	5.7734	4.441	2.6029	0.5323	0.9083	0.4776	0.9257	2.9719	0.5063	1.8013	1.8003	3.6724	1.8852	URINARY_TRACT
T3M10_LUNG..ACH.000813.	4.9033	0.181	0.03668	1.1293	0.3811	1.4788	0	0.54	1.1762	0.0999	0.2688	4.1385	3.879	2.1718	0.2516	0.2702	0.3635	0.1352	1.5229	0	0.07138	0.4728	0.8203	1.3912	LUNG
T3M4_PANCREAS..ACH.000085.	-9	-9	-9	-9	-9	-9	-9	-9	-9	-9	-9	-9	-9	-9	-9	-9	-9	-9	-9	-9	-9	-9	-9	-9	PANCREAS
T47D_BREAST..ACH.000147.	1.4674	0.924	0.5592	0.6917	0.1791	-9	0.4164	0.5727	0.9794	0.5094	0.4176	3.3375	4.3607	0.004786	0.5315	0.3487	0.3123	0.04939	1.4747	0.427	0.3381	0.4691	1.9885	0.3955	BREAST
T84_LARGE_INTESTINE..ACH.000381.	2.5327	1.1858	1.0293	1.568	1.0015	2.2281	0.5854	0.2998	0.3676	0.7187	1.0549	4.1065	3.9686	2.1085	0.8757	0.8613	0.4742	0.5119	0.8543	0.614	2.3855	0.007705	1.1731	1.563	LARGE_INTESTINE
T98G_CENTRAL_NERVOUS_SYSTEM..ACH.000571.	2.537	1.137	1.4143	0.8136	0.5313	0.8403	0.02585	0.3194	0.2173	0.4823	0.5323	4.9955	2.8925	0.8449	0.4777	0.238	0.05954	0.6113	1.4113	1.0637	1.2075	1.8327	1.2564	1.1189	CENTRAL_NERVOUS_SYSTEM
TALL1_HAEMATOPOIETIC_AND_LYMPHOID_TISSUE..ACH.000197.	-9	-9	-9	-9	-9	-9	-9	-9	-9	-9	-9	-9	-9	-9	-9	-9	-9	-9	-9	-9	-9	-9	-9	-9	HAEMATOPOIETIC_AND_LYMPHOID_TISSUE
TC71_BONE..ACH.000424.	1.9739	0.425	0.02867	0.01673	0	3.5768	0	0	0.1439	0	0.05201	6.8648	4.6377	0	0	0.6631	0	0.04168	0.2494	0.007735	0.5449	0.8521	3.7927	0.3741	BONE
TCCPAN2_PANCREAS..ACH.000502.	-9	-9	-9	-9	-9	-9	-9	-9	-9	-9	-9	-9	-9	-9	-9	-9	-9	-9	-9	-9	-9	-9	-9	-9	PANCREAS
TCCSUP_URINARY_TRACT..ACH.000720.	4.4105	0.1999	0.08578	0	0.06454	2.4115	0	0	0.2682	0.3292	0	5.7387	4.3885	0.1675	0.168	0.1913	0.5486	0.1503	0.7076	0.01622	0.9076	0.6665	2.2101	0.1873	URINARY_TRACT
TE10_OESOPHAGUS..ACH.000318.	-9	-9	-9	-9	-9	-9	-9	-9	-9	-9	-9	-9	-9	-9	-9	-9	-9	-9	-9	-9	-9	-9	-9	-9	OESOPHAGUS
TE11_OESOPHAGUS..ACH.000488.	3.3987	1.7103	1.9288	0.3205	2.0088	-9	-9	2.2305	0.7138	-9	1.2078	7.3115	3.5976	1.4826	-9	0.9517	0.7925	-9	-9	0.5301	1.9404	1.6287	4.7553	-9	OESOPHAGUS
TE125T_FIBROBLAST..ACH.000079.	-9	-9	-9	-9	-9	-9	-9	-9	-9	-9	-9	-9	-9	-9	-9	-9	-9	-9	-9	-9	-9	-9	-9	-9	FIBROBLAST
TE14_OESOPHAGUS..ACH.000726.	-9	-9	-9	-9	-9	-9	-9	-9	-9	-9	-9	-9	-9	-9	-9	-9	-9	-9	-9	-9	-9	-9	-9	-9	OESOPHAGUS
TE159T_FIBROBLAST..ACH.000175.	-9	-9	-9	-9	-9	-9	-9	-9	-9	-9	-9	-9	-9	-9	-9	-9	-9	-9	-9	-9	-9	-9	-9	-9	FIBROBLAST
TE15_OESOPHAGUS..ACH.000353.	4.0282	1.4669	2.4415	2.7173	1.677	-9	1.6058	1.4963	1.8206	-9	0.8088	6.4203	4.4379	2.8683	-9	0.429	1.7902	1.5586	-9	0.4139	0.8225	1.5784	3.6344	2.5189	OESOPHAGUS
TE1_OESOPHAGUS..ACH.000647.	3.9523	0.8829	1.0441	1.114	0.8417	-9	0.08494	0.7076	0.533	-9	0.4281	4.1517	5.0321	1.0105	-9	0.4085	0.6178	0.3786	-9	0.2454	1.3627	0.7009	2.8467	0.756	OESOPHAGUS
TE441T_SOFT_TISSUE..ACH.000772.	-9	-9	-9	-9	-9	-9	-9	-9	-9	-9	-9	-9	-9	-9	-9	-9	-9	-9	-9	-9	-9	-9	-9	-9	SOFT_TISSUE
TE4_OESOPHAGUS..ACH.000917.	-9	-9	-9	-9	-9	-9	-9	-9	-9	-9	-9	-9	-9	-9	-9	-9	-9	-9	-9	-9	-9	-9	-9	-9	OESOPHAGUS
TE5_OESOPHAGUS..ACH.000408.	3.0955	0.4191	0.5912	0.6396	0.23	-9	0	0.486	0.7896	-9	0.3958	5.4258	3.463	0.753	-9	0.2186	0.3795	0.06209	-9	0.2589	0.2672	0.4487	3.692	0.6572	OESOPHAGUS
TE617T_SOFT_TISSUE..ACH.000051.	5.1812	1.4793	2.941	2.5837	1.7201	4.4324	0.2427	3.4461	1.0236	1.5507	1.4265	6.7285	5.0969	2.7097	1.6558	1.7104	0.9109	0.03409	2.4682	0.9072	2.1155	1.1019	4.4021	2.4806	SOFT_TISSUE
TE6_OESOPHAGUS..ACH.000605.	-9	-9	-9	-9	-9	-9	-9	-9	-9	-9	-9	-9	-9	-9	-9	-9	-9	-9	-9	-9	-9	-9	-9	-9	OESOPHAGUS
TE8_OESOPHAGUS..ACH.000452.	-9	-9	-9	-9	-9	-9	-9	-9	-9	-9	-9	-9	-9	-9	-9	-9	-9	-9	-9	-9	-9	-9	-9	-9	OESOPHAGUS
TE9_OESOPHAGUS..ACH.000694.	4.2666	1.0772	1.9496	0.8854	0.9259	3.8206	0.7058	1.265	0.4993	0.6286	0.4344	6.6468	4.0263	0.9762	0.0816	0.3303	0.1003	0.4148	1.3055	0.6806	1.8908	0.8313	4.0447	1.2997	OESOPHAGUS
TEN_ENDOMETRIUM..ACH.000397.	3.0622	1.0587	1.3929	0.6637	0.08303	2.7288	0.5282	0.6323	0.9819	0.8952	0.8192	4.0307	3.5077	0.3764	0.7225	0.6441	0.5715	0.8197	0.67	0	1.8601	0.4795	2.0667	1.2521	ENDOMETRIUM
TF1_HAEMATOPOIETIC_AND_LYMPHOID_TISSUE..ACH.000387.	-9	-9	-9	-9	-9	-9	-9	-9	-9	-9	-9	-9	-9	-9	-9	-9	-9	-9	-9	-9	-9	-9	-9	-9	HAEMATOPOIETIC_AND_LYMPHOID_TISSUE
TGBC11TKB_STOMACH..ACH.000949.	-9	-9	-9	-9	-9	-9	-9	-9	-9	-9	-9	-9	-9	-9	-9	-9	-9	-9	-9	-9	-9	-9	-9	-9	STOMACH
THP1_HAEMATOPOIETIC_AND_LYMPHOID_TISSUE..ACH.000146.	-9	-9	-9	-9	-9	-9	-9	-9	-9	-9	-9	-9	-9	-9	-9	-9	-9	-9	-9	-9	-9	-9	-9	-9	HAEMATOPOIETIC_AND_LYMPHOID_TISSUE
TIG3TD_FIBROBLAST..ACH.001207.	-9	-9	-9	-9	-9	-9	-9	-9	-9	-9	-9	-9	-9	-9	-9	-9	-9	-9	-9	-9	-9	-9	-9	-9	FIBROBLAST
TM87_SOFT_TISSUE..ACH.000172.	-9	-9	-9	-9	-9	-9	-9	-9	-9	-9	-9	-9	-9	-9	-9	-9	-9	-9	-9	-9	-9	-9	-9	-9	SOFT_TISSUE
TM31_CENTRAL_NERVOUS_SYSTEM..ACH.000592.	-9	-9	-9	-9	-9	-9	-9	-9	-9	-9	-9	-9	-9	-9	-9	-9	-9	-9	-9	-9	-9	-9	-9	-9	CENTRAL_NERVOUS_SYSTEM
TO175T_FIBROBLAST..ACH.000125.	-9	-9	-9	-9	-9	-9	-9	-9	-9	-9	-9	-9	-9	-9	-9	-9	-9	-9	-9	-9	-9	-9	-9	-9	FIBROBLAST
TOLEDO_HAEMATOPOIETIC_AND_LYMPHOID_TISSUE..ACH.000285.	1.2479	0.6413	0.002277	0.05558	0.01286	-9	0	0.02839	0.02943	0	0	2.3948	4.2588	0.283	0.3478	0.03364	0.01955	0	0.09724	0.02052	0	0.09438	4.0031	0.2589	HAEMATOPOIETIC_AND_LYMPHOID_TISSUE
TOV112D_OVARY..ACH.000048.	2.6725	0.4272	1.8421	0.09705	0.8777	3.8142	0.2808	0.4868	0.1064	0.4922	0.6416	6.2674	4.3584	0.8026	0.7611	0.6993	0.3554	0.05898	1.6093	0.9695	1.4665	1.1542	3.9431	1.1847	OVARY
TOV21G_OVARY..ACH.000885.	3.9631	0.4566	1.6485	1.2785	0.8857	2.6233	0.2344	0.5477	0.9197	0.1506	0.3815	5.0367	3.7608	1.3425	0.1943	0.415	0.3605	0.6667	3.3561	1.0759	1.3244	1.7314	2.732	0.9598	OVARY
TTC709_SOFT_TISSUE..ACH.000597.	-9	-9	-9	-9	-9	-9	-9	-9	-9	-9	-9	-9	-9	-9	-9	-9	-9	-9	-9	-9	-9	-9	-9	-9	SOFT_TISSUE
TTC1240_SOFT_TISSUE..ACH.001210.	-9	-9	-9	-9	-9	-9	-9	-9	-9	-9	-9	-9	-9	-9	-9	-9	-9	-9	-9	-9	-9	-9	-9	-9	SOFT_TISSUE
TTC549_SOFT_TISSUE..ACH.001211.	-9	-9	-9	-9	-9	-9	-9	-9	-9	-9	-9	-9	-9	-9	-9	-9	-9	-9	-9	-9	-9	-9	-9	-9	SOFT_TISSUE
TTC642_SOFT_TISSUE..ACH.001212.	-9	-9	-9	-9	-9	-9	-9	-9	-9	-9	-9	-9	-9	-9	-9	-9	-9	-9	-9	-9	-9	-9	-9	-9	SOFT_TISSUE
TT_OESOPHAGUS..ACH.000561.	-9	-9	-9	-9	-9	-9	-9	-9	-9	-9	-9	-9	-9	-9	-9	-9	-9	-9	-9	-9	-9	-9	-9	-9	OESOPHAGUS
TUHR10TKB_KIDNEY..ACH.000459.	-9	-9	-9	-9	-9	-9	-9	-9	-9	-9	-9	-9	-9	-9	-9	-9	-9	-9	-9	-9	-9	-9	-9	-9	KIDNEY
TUHR14TKB_KIDNEY..ACH.000317.	-9	-9	-9	-9	-9	-9	-9	-9	-9	-9	-9	-9	-9	-9	-9	-9	-9	-9	-9	-9	-9	-9	-9	-9	KIDNEY
TUHR4TKB_KIDNEY..ACH.000495.	-9	-9	-9	-9	-9	-9	-9	-9	-9	-9	-9	-9	-9	-9	-9	-9	-9	-9	-9	-9	-9	-9	-9	-9	KIDNEY
TYKNU_OVARY..ACH.000430.	3.7232	1.0867	0.8178	0.6276	0.2076	3.7963	0.1057	0.5639	1.2606	0.1484	0	5.115	4.6765	1.6836	0.4732	0.7577	0.08034	0.1161	1.3677	0.5322	1.0603	0.6974	3.4346	1.2291	OVARY
U118MG_CENTRAL_NERVOUS_SYSTEM..ACH.000040.	3.4405	0.5336	0.1566	0.1341	0.05681	3.0109	0.03038	0.04566	0.8719	0.04546	0.2094	4.7636	4.1269	0.3997	0.3849	0.4299	0	0.09208	1.1127	0.2384	1.1033	0.712	2.8569	0.8528	CENTRAL_NERVOUS_SYSTEM
U178_CENTRAL_NERVOUS_SYSTEM..ACH.000208.	-9	-9	-9	-9	-9	-9	-9	-9	-9	-9	-9	-9	-9	-9	-9	-9	-9	-9	-9	-9	-9	-9	-9	-9	CENTRAL_NERVOUS_SYSTEM
U251MG_CENTRAL_NERVOUS_SYSTEM..ACH.000232.	-9	-9	-9	-9	-9	-9	-9	-9	-9	-9	-9	-9	-9	-9	-9	-9	-9	-9	-9	-9	-9	-9	-9	-9	CENTRAL_NERVOUS_SYSTEM
U266B1_HAEMATOPOIETIC_AND_LYMPHOID_TISSUE..ACH.000626.	-9	-9	-9	-9	-9	-9	-9	-9	-9	-9	-9	-9	-9	-9	-9	-9	-9	-9	-9	-9	-9	-9	-9	-9	HAEMATOPOIETIC_AND_LYMPHOID_TISSUE
U2OS_BONE..ACH.000364.	4.6678	1.5148	1.3457	1.2003	0.4888	2.6425	1.163	0.7341	0.3309	0.6846	1.0122	5.1548	5.1185	1.683	0.3956	1.0034	0.2498	0.6723	1.249	0.5541	1.324	0.8411	2.6347	2.1597	BONE
U343_CENTRAL_NERVOUS_SYSTEM..ACH.000036.	-9	-9	-9	-9	-9	-9	-9	-9	-9	-9	-9	-9	-9	-9	-9	-9	-9	-9	-9	-9	-9	-9	-9	-9	CENTRAL_NERVOUS_SYSTEM
U87MG_CENTRAL_NERVOUS_SYSTEM..ACH.000075.	3.4931	0.3154	0.03487	0.4738	0.07387	1.4987	0.002326	0.5471	0.2053	0.2714	0.4944	4.303	3.4181	1.3091	0.6737	0.8907	0.443	0.02147	1.4162	0.2031	0.5188	0.477	1.6427	0.2363	CENTRAL_NERVOUS_SYSTEM
U937_HAEMATOPOIETIC_AND_LYMPHOID_TISSUE..ACH.000406.	4.6603	0.8519	0.5793	1.1403	0.5495	3.6217	1.3464	0.3857	0.2883	0.5501	0.2506	7.4369	5.0159	1.5143	1.0682	0.5069	0.7796	0.3454	1.2268	0.7181	0.5798	0.7747	3.5634	0.8458	HAEMATOPOIETIC_AND_LYMPHOID_TISSUE
UACC257_SKIN..ACH.000579.	2.2128	0.5798	0.3102	2.9813	0	-9	0.1982	0.01452	0.2906	-9	0.4674	3.6187	4.057	4.2295	-9	0.1327	0.2647	2.0796	1.2821	0.3558	0.4377	0.3173	2.1144	0.9322	SKIN
UACC62_SKIN..ACH.000425.	4.5286	0.868	1.0493	3.9363	0.6873	-9	-9	0.565	0.913	-9	1.1217	5.3255	4.6762	4.916	-9	0.7375	0.8429	3.0249	2.0133	0.398	1.354	0.7377	3.8193	0.6134	SKIN
UACC812_BREAST..ACH.000568.	3.1346	0.3992	0.6199	0.9361	0.4433	1.7327	0.06187	1.3183	0.1302	0.7207	0.3032	4.0004	3.7262	1.0812	0.3588	0.05788	0.1242	0	0.7273	0.2783	0.6884	0.008233	1.3378	0.8307	BREAST
UACC893_BREAST..ACH.000554.	-9	-9	-9	-9	-9	-9	-9	-9	-9	-9	-9	-9	-9	-9	-9	-9	-9	-9	-9	-9	-9	-9	-9	-9	BREAST
UBLC1_URINARY_TRACT..ACH.000741.	-9	-9	-9	-9	-9	-9	-9	-9	-9	-9	-9	-9	-9	-9	-9	-9	-9	-9	-9	-9	-9	-9	-9	-9	URINARY_TRACT
UMUC1_URINARY_TRACT..ACH.000834.	-9	-9	-9	-9	-9	-9	-9	-9	-9	-9	-9	-9	-9	-9	-9	-9	-9	-9	-9	-9	-9	-9	-9	-9	URINARY_TRACT
UMUC3_URINARY_TRACT..ACH.000522.	3.2913	0.065	0.706	0.5331	0	2.6212	0	0	0.5511	0.1194	0.2972	5.4626	3.3849	0.9588	0.3181	0.1958	0.1439	0.2678	0.4746	0.2574	0.2892	0.3319	2.4369	0.9404	URINARY_TRACT
UO31_KIDNEY..ACH.000428.	-9	-9	-9	-9	-9	-9	-9	-9	-9	-9	-9	-9	-9	-9	-9	-9	-9	-9	-9	-9	-9	-9	-9	-9	KIDNEY
UOK101_KIDNEY..ACH.000262.	-9	-9	-9	-9	-9	-9	-9	-9	-9	-9	-9	-9	-9	-9	-9	-9	-9	-9	-9	-9	-9	-9	-9	-9	KIDNEY
VMCUB1_URINARY_TRACT..ACH.000545.	-9	-9	-9	-9	-9	-9	-9	-9	-9	-9	-9	-9	-9	-9	-9	-9	-9	-9	-9	-9	-9	-9	-9	-9	URINARY_TRACT
VMRCRCW_KIDNEY..ACH.000484.	0.4375	2.4276	1.4463	0.03365	0.194	2.9569	0.1883	1.3765	1.3674	0.8637	0.1633	1.0722	5.963	0	0.09552	1.7715	0.8209	0.01988	0.4277	0.9115	1.284	0.9487	0.233	1.8442	KIDNEY
VMRCRCZ_KIDNEY..ACH.000171.	2.3024	1.31	1.8178	1.3659	0.9017	1.3083	0.7546	0.532	0.3024	0.0939	0.3594	3.9578	3.8161	1.8358	0.6809	0.6149	0.1233	0.4771	1.7293	0.8126	1.457	1.1723	2.0667	1.3906	KIDNEY
WM115_SKIN..ACH.000304.	3.7538	0.1716	0.04944	1.5979	0.1035	-9	0.255	0.1087	1.8514	-9	0.1188	3.5617	3.3891	2.0602	-9	0	0.3838	0.691	0.5653	0.3239	0.07927	0.2933	0.8829	0.8184	SKIN
WM1799_SKIN..ACH.000661.	3.7607	0.7741	1.2506	2.9523	0.6819	2.4335	0.3853	0.394	0.8199	0.9846	1.0335	4.8909	3.5298	3.8317	1.0667	0.3513	0.6148	1.9707	2.7048	1.0246	1.0123	1.1025	3.0344	0.9963	SKIN
WM2664_SKIN..ACH.001239.	5.5988	0.408	0	3.4457	0.08816	-9	0.1337	0.1532	0.1912	-9	0.7351	4.0908	4.9417	4.8727	-9	0.6252	0.1215	1.5993	1.965	0.1223	0.4785	0.6291	3.3541	1.2894	SKIN
WM793_SKIN..ACH.000827.	5.6352	1.2364	0.8811	2.07	0.07185	4.4759	0.7809	0.6875	1.8878	0.708	0.862	5.6275	4.05	3.0477	1.4922	0.6696	0.8487	1.3967	2.3233	0.1739	0.9968	1.1986	3.6274	1.3319	SKIN
WM88_SKIN..ACH.000899.	4.5972	1.6441	0.5142	4.1904	0.242	3.6776	0.2364	0.1094	0.1151	0.6898	0.6133	5.0682	4.2388	6.2069	0.5886	0.5136	0.1746	3.4382	2.9728	0.7236	0.6657	1.1354	2.8429	0.7113	SKIN
WM983B_SKIN..ACH.000765.	3.9403	2.3048	2.4621	4.8064	0.981	2.4694	0.6315	2.28	1.3679	1.9258	1.6994	5.6824	4.4884	6.3027	3.2376	1.5978	1.3292	3.138	3.6745	1.4692	3.2014	1.7524	2.8592	2.2778	SKIN
WSUDLCL2_HAEMATOPOIETIC_AND_LYMPHOID_TISSUE..ACH.000534.	-9	-9	-9	-9	-9	-9	-9	-9	-9	-9	-9	-9	-9	-9	-9	-9	-9	-9	-9	-9	-9	-9	-9	-9	HAEMATOPOIETIC_AND_LYMPHOID_TISSUE
YAPC_PANCREAS..ACH.000332.	-9	-9	-9	-9	-9	-9	-9	-9	-9	-9	-9	-9	-9	-9	-9	-9	-9	-9	-9	-9	-9	-9	-9	-9	PANCREAS
YD10B_UPPER_AERODIGESTIVE_TRACT..ACH.000723.	-9	-9	-9	-9	-9	-9	-9	-9	-9	-9	-9	-9	-9	-9	-9	-9	-9	-9	-9	-9	-9	-9	-9	-9	UPPER_AERODIGESTIVE_TRACT
YD38_UPPER_AERODIGESTIVE_TRACT..ACH.000762.	-9	-9	-9	-9	-9	-9	-9	-9	-9	-9	-9	-9	-9	-9	-9	-9	-9	-9	-9	-9	-9	-9	-9	-9	UPPER_AERODIGESTIVE_TRACT
YD8_UPPER_AERODIGESTIVE_TRACT..ACH.000630.	-9	-9	-9	-9	-9	-9	-9	-9	-9	-9	-9	-9	-9	-9	-9	-9	-9	-9	-9	-9	-9	-9	-9	-9	UPPER_AERODIGESTIVE_TRACT
YH13_CENTRAL_NERVOUS_SYSTEM..ACH.000469.	-9	-9	-9	-9	-9	-9	-9	-9	-9	-9	-9	-9	-9	-9	-9	-9	-9	-9	-9	-9	-9	-9	-9	-9	CENTRAL_NERVOUS_SYSTEM
YKG1_CENTRAL_NERVOUS_SYSTEM..ACH.000570.	2.8308	0.5376	1.6499	0.8278	0.07841	1.8817	0.5167	0	0.5146	0.4998	0.1102	5.5701	4.1169	0.8524	0.672	0.5306	0.0179	0.241	-9	0.2007	0.7847	0.6228	1.3881	0.4073	CENTRAL_NERVOUS_SYSTEM
ZR751_BREAST..ACH.000097.	4.4719	1.2285	1.1688	0.7315	1.1717	-9	0.8005	0.4156	1.0596	-9	1.013	4.4743	4.6473	1.5942	-9	0.5818	1.1176	0.5641	0.5897	0.8454	0.6762	0.8432	3.5125	1.1891	BREAST
ZR7530_BREAST..ACH.000828.	2.3161	0.1118	0	0.04301	0.03998	1.6931	0	3.0902	0.2425	0.3953	0.08222	2.1929	4.2563	0	0.06974	0.04209	0.2342	0.02117	1.5955	0.7984	0.3207	1.1268	0.02054	0.4616	BREAST
X127399_SOFT_TISSUE..ACH.001270.	-9	-9	-9	-9	-9	-9	-9	-9	-9	-9	-9	-9	-9	-9	-9	-9	-9	-9	-9	-9	-9	-9	-9	-9	SOFT_TISSUE
X143B_BONE..ACH.001001.	-9	-9	-9	-9	-9	-9	-9	-9	-9	-9	-9	-9	-9	-9	-9	-9	-9	-9	-9	-9	-9	-9	-9	-9	BONE
ANGMCSS_CENTRAL_NERVOUS_SYSTEM..ACH.001329.	-9	-9	-9	-9	-9	-9	-9	-9	-9	-9	-9	-9	-9	-9	-9	-9	-9	-9	-9	-9	-9	-9	-9	-9	CENTRAL_NERVOUS_SYSTEM
BICR78_UPPER_AERODIGESTIVE_TRACT..ACH.001332.	-9	-9	-9	-9	-9	-9	-9	-9	-9	-9	-9	-9	-9	-9	-9	-9	-9	-9	-9	-9	-9	-9	-9	-9	UPPER_AERODIGESTIVE_TRACT
BIN67_OVARY..ACH.001278.	-9	-9	-9	-9	-9	-9	-9	-9	-9	-9	-9	-9	-9	-9	-9	-9	-9	-9	-9	-9	-9	-9	-9	-9	OVARY
BT16_SOFT_TISSUE..ACH.001020.	-9	-9	-9	-9	-9	-9	-9	-9	-9	-9	-9	-9	-9	-9	-9	-9	-9	-9	-9	-9	-9	-9	-9	-9	SOFT_TISSUE
CBAGPN_BONE..ACH.001022.	-9	-9	-9	-9	-9	-9	-9	-9	-9	-9	-9	-9	-9	-9	-9	-9	-9	-9	-9	-9	-9	-9	-9	-9	BONE
CHLA06ATRT_SOFT_TISSUE..ACH.001028.	-9	-9	-9	-9	-9	-9	-9	-9	-9	-9	-9	-9	-9	-9	-9	-9	-9	-9	-9	-9	-9	-9	-9	-9	SOFT_TISSUE
CHLA10_BONE..ACH.001029.	-9	-9	-9	-9	-9	-9	-9	-9	-9	-9	-9	-9	-9	-9	-9	-9	-9	-9	-9	-9	-9	-9	-9	-9	BONE
CHLA15_AUTONOMIC_GANGLIA..ACH.001300.	-9	-9	-9	-9	-9	-9	-9	-9	-9	-9	-9	-9	-9	-9	-9	-9	-9	-9	-9	-9	-9	-9	-9	-9	AUTONOMIC_GANGLIA
CHLA218_BONE..ACH.001030.	-9	-9	-9	-9	-9	-9	-9	-9	-9	-9	-9	-9	-9	-9	-9	-9	-9	-9	-9	-9	-9	-9	-9	-9	BONE
CHLA266_SOFT_TISSUE..ACH.001031.	-9	-9	-9	-9	-9	-9	-9	-9	-9	-9	-9	-9	-9	-9	-9	-9	-9	-9	-9	-9	-9	-9	-9	-9	SOFT_TISSUE
CHLA32_BONE..ACH.001032.	-9	-9	-9	-9	-9	-9	-9	-9	-9	-9	-9	-9	-9	-9	-9	-9	-9	-9	-9	-9	-9	-9	-9	-9	BONE
CHLA57_BONE..ACH.001033.	-9	-9	-9	-9	-9	-9	-9	-9	-9	-9	-9	-9	-9	-9	-9	-9	-9	-9	-9	-9	-9	-9	-9	-9	BONE
CHLA99_BONE..ACH.001035.	-9	-9	-9	-9	-9	-9	-9	-9	-9	-9	-9	-9	-9	-9	-9	-9	-9	-9	-9	-9	-9	-9	-9	-9	BONE
CHLA9_BONE..ACH.001034.	-9	-9	-9	-9	-9	-9	-9	-9	-9	-9	-9	-9	-9	-9	-9	-9	-9	-9	-9	-9	-9	-9	-9	-9	BONE
CME1_SOFT_TISSUE..ACH.001322.	-9	-9	-9	-9	-9	-9	-9	-9	-9	-9	-9	-9	-9	-9	-9	-9	-9	-9	-9	-9	-9	-9	-9	-9	SOFT_TISSUE
COGAR359_SOFT_TISSUE..ACH.001289.	-9	-9	-9	-9	-9	-9	-9	-9	-9	-9	-9	-9	-9	-9	-9	-9	-9	-9	-9	-9	-9	-9	-9	-9	SOFT_TISSUE
COGE352_BONE..ACH.001038.	-9	-9	-9	-9	-9	-9	-9	-9	-9	-9	-9	-9	-9	-9	-9	-9	-9	-9	-9	-9	-9	-9	-9	-9	BONE
COGN278_AUTONOMIC_GANGLIA..ACH.001301.	-9	-9	-9	-9	-9	-9	-9	-9	-9	-9	-9	-9	-9	-9	-9	-9	-9	-9	-9	-9	-9	-9	-9	-9	AUTONOMIC_GANGLIA
COGN305_AUTONOMIC_GANGLIA..ACH.001302.	-9	-9	-9	-9	-9	-9	-9	-9	-9	-9	-9	-9	-9	-9	-9	-9	-9	-9	-9	-9	-9	-9	-9	-9	AUTONOMIC_GANGLIA
COLO699_LUNG..ACH.001041.	2.8089	1.6792	0.6744	0.3814	0.2241	2.7471	0.6825	0.8415	0.3027	0.881	0.1827	4.7665	3.9046	0.6933	0.8982	0.7483	0.3406	0.2444	1.9941	1.0101	1.6411	1.28	2.4799	1.4304	LUNG
COV413A_OVARY..ACH.001340.	-9	-9	-9	-9	-9	-9	-9	-9	-9	-9	-9	-9	-9	-9	-9	-9	-9	-9	-9	-9	-9	-9	-9	-9	OVARY
COV504_OVARY..ACH.001048.	2.0498	0.5949	0.6355	0.1949	0.258	-9	0.2596	0	0.3845	0.1649	0.01026	3.7749	3.29	0.9822	0	0.2841	0	0.1145	1.4015	0.09018	1.1179	0.4967	1.1671	0.7451	OVARY
CW9019_SOFT_TISSUE..ACH.001050.	-9	-9	-9	-9	-9	-9	-9	-9	-9	-9	-9	-9	-9	-9	-9	-9	-9	-9	-9	-9	-9	-9	-9	-9	SOFT_TISSUE
D425_CENTRAL_NERVOUS_SYSTEM..ACH.001053.	-9	-9	-9	-9	-9	-9	-9	-9	-9	-9	-9	-9	-9	-9	-9	-9	-9	-9	-9	-9	-9	-9	-9	-9	CENTRAL_NERVOUS_SYSTEM
D458_CENTRAL_NERVOUS_SYSTEM..ACH.001054.	-9	-9	-9	-9	-9	-9	-9	-9	-9	-9	-9	-9	-9	-9	-9	-9	-9	-9	-9	-9	-9	-9	-9	-9	CENTRAL_NERVOUS_SYSTEM
DERL2_HAEMATOPOIETIC_AND_LYMPHOID_TISSUE..ACH.001057.	-9	-9	-9	-9	-9	-9	-9	-9	-9	-9	-9	-9	-9	-9	-9	-9	-9	-9	-9	-9	-9	-9	-9	-9	HAEMATOPOIETIC_AND_LYMPHOID_TISSUE
DL40_HAEMATOPOIETIC_AND_LYMPHOID_TISSUE..ACH.001060.	-9	-9	-9	-9	-9	-9	-9	-9	-9	-9	-9	-9	-9	-9	-9	-9	-9	-9	-9	-9	-9	-9	-9	-9	HAEMATOPOIETIC_AND_LYMPHOID_TISSUE
DLD1_LARGE_INTESTINE..ACH.001061.	-9	-9	-9	-9	-9	-9	-9	-9	-9	-9	-9	-9	-9	-9	-9	-9	-9	-9	-9	-9	-9	-9	-9	-9	LARGE_INTESTINE
DL_SOFT_TISSUE..ACH.001059.	-9	-9	-9	-9	-9	-9	-9	-9	-9	-9	-9	-9	-9	-9	-9	-9	-9	-9	-9	-9	-9	-9	-9	-9	SOFT_TISSUE
ESO26_OESOPHAGUS..ACH.001496.	-9	-9	-9	-9	-9	-9	-9	-9	-9	-9	-9	-9	-9	-9	-9	-9	-9	-9	-9	-9	-9	-9	-9	-9	OESOPHAGUS
F5_CENTRAL_NERVOUS_SYSTEM..ACH.001067.	-9	-9	-9	-9	-9	-9	-9	-9	-9	-9	-9	-9	-9	-9	-9	-9	-9	-9	-9	-9	-9	-9	-9	-9	CENTRAL_NERVOUS_SYSTEM
FEPD_HAEMATOPOIETIC_AND_LYMPHOID_TISSUE..ACH.001068.	-9	-9	-9	-9	-9	-9	-9	-9	-9	-9	-9	-9	-9	-9	-9	-9	-9	-9	-9	-9	-9	-9	-9	-9	HAEMATOPOIETIC_AND_LYMPHOID_TISSUE
FLO1_OESOPHAGUS..ACH.001500.	-9	-9	-9	-9	-9	-9	-9	-9	-9	-9	-9	-9	-9	-9	-9	-9	-9	-9	-9	-9	-9	-9	-9	-9	OESOPHAGUS
GIMEN_AUTONOMIC_GANGLIA..ACH.001344.	-9	-9	-9	-9	-9	-9	-9	-9	-9	-9	-9	-9	-9	-9	-9	-9	-9	-9	-9	-9	-9	-9	-9	-9	AUTONOMIC_GANGLIA
HA1E_KIDNEY..ACH.001310.	-9	-9	-9	-9	-9	-9	-9	-9	-9	-9	-9	-9	-9	-9	-9	-9	-9	-9	-9	-9	-9	-9	-9	-9	KIDNEY
HKA1_SKIN..ACH.001521.	-9	-9	-9	-9	-9	-9	-9	-9	-9	-9	-9	-9	-9	-9	-9	-9	-9	-9	-9	-9	-9	-9	-9	-9	SKIN
HSB2_HAEMATOPOIETIC_AND_LYMPHOID_TISSUE..ACH.001737.	-9	-9	-9	-9	-9	-9	-9	-9	-9	-9	-9	-9	-9	-9	-9	-9	-9	-9	-9	-9	-9	-9	-9	-9	HAEMATOPOIETIC_AND_LYMPHOID_TISSUE
HSC1_SKIN..ACH.001523.	-9	-9	-9	-9	-9	-9	-9	-9	-9	-9	-9	-9	-9	-9	-9	-9	-9	-9	-9	-9	-9	-9	-9	-9	SKIN
HSC5_SKIN..ACH.001524.	-9	-9	-9	-9	-9	-9	-9	-9	-9	-9	-9	-9	-9	-9	-9	-9	-9	-9	-9	-9	-9	-9	-9	-9	SKIN
JMURTK2_SOFT_TISSUE..ACH.001532.	-9	-9	-9	-9	-9	-9	-9	-9	-9	-9	-9	-9	-9	-9	-9	-9	-9	-9	-9	-9	-9	-9	-9	-9	SOFT_TISSUE
JOPACA1_PANCREAS..ACH.001353.	-9	-9	-9	-9	-9	-9	-9	-9	-9	-9	-9	-9	-9	-9	-9	-9	-9	-9	-9	-9	-9	-9	-9	-9	PANCREAS
KHYG_HAEMATOPOIETIC_AND_LYMPHOID_TISSUE..ACH.001100.	-9	-9	-9	-9	-9	-9	-9	-9	-9	-9	-9	-9	-9	-9	-9	-9	-9	-9	-9	-9	-9	-9	-9	-9	HAEMATOPOIETIC_AND_LYMPHOID_TISSUE
L82_HAEMATOPOIETIC_AND_LYMPHOID_TISSUE..ACH.001111.	-9	-9	-9	-9	-9	-9	-9	-9	-9	-9	-9	-9	-9	-9	-9	-9	-9	-9	-9	-9	-9	-9	-9	-9	HAEMATOPOIETIC_AND_LYMPHOID_TISSUE
LAN2_AUTONOMIC_GANGLIA..ACH.001354.	-9	-9	-9	-9	-9	-9	-9	-9	-9	-9	-9	-9	-9	-9	-9	-9	-9	-9	-9	-9	-9	-9	-9	-9	AUTONOMIC_GANGLIA
MAC2A_HAEMATOPOIETIC_AND_LYMPHOID_TISSUE..ACH.001119.	-9	-9	-9	-9	-9	-9	-9	-9	-9	-9	-9	-9	-9	-9	-9	-9	-9	-9	-9	-9	-9	-9	-9	-9	HAEMATOPOIETIC_AND_LYMPHOID_TISSUE
MCC13_SKIN..ACH.001550.	-9	-9	-9	-9	-9	-9	-9	-9	-9	-9	-9	-9	-9	-9	-9	-9	-9	-9	-9	-9	-9	-9	-9	-9	SKIN
MCC26_SKIN..ACH.001552.	-9	-9	-9	-9	-9	-9	-9	-9	-9	-9	-9	-9	-9	-9	-9	-9	-9	-9	-9	-9	-9	-9	-9	-9	SKIN
MERO14_LUNG..ACH.001555.	-9	-9	-9	-9	-9	-9	-9	-9	-9	-9	-9	-9	-9	-9	-9	-9	-9	-9	-9	-9	-9	-9	-9	-9	LUNG
MERO25_LUNG..ACH.001556.	-9	-9	-9	-9	-9	-9	-9	-9	-9	-9	-9	-9	-9	-9	-9	-9	-9	-9	-9	-9	-9	-9	-9	-9	LUNG
MERO41_LUNG..ACH.001557.	-9	-9	-9	-9	-9	-9	-9	-9	-9	-9	-9	-9	-9	-9	-9	-9	-9	-9	-9	-9	-9	-9	-9	-9	LUNG
MERO48A_LUNG..ACH.001558.	-9	-9	-9	-9	-9	-9	-9	-9	-9	-9	-9	-9	-9	-9	-9	-9	-9	-9	-9	-9	-9	-9	-9	-9	LUNG
MERO82_LUNG..ACH.001559.	-9	-9	-9	-9	-9	-9	-9	-9	-9	-9	-9	-9	-9	-9	-9	-9	-9	-9	-9	-9	-9	-9	-9	-9	LUNG
MERO83_LUNG..ACH.001560.	-9	-9	-9	-9	-9	-9	-9	-9	-9	-9	-9	-9	-9	-9	-9	-9	-9	-9	-9	-9	-9	-9	-9	-9	LUNG
MERO84_LUNG..ACH.001561.	-9	-9	-9	-9	-9	-9	-9	-9	-9	-9	-9	-9	-9	-9	-9	-9	-9	-9	-9	-9	-9	-9	-9	-9	LUNG
MERO95_LUNG..ACH.001562.	-9	-9	-9	-9	-9	-9	-9	-9	-9	-9	-9	-9	-9	-9	-9	-9	-9	-9	-9	-9	-9	-9	-9	-9	LUNG
MTA_HAEMATOPOIETIC_AND_LYMPHOID_TISSUE..ACH.001132.	-9	-9	-9	-9	-9	-9	-9	-9	-9	-9	-9	-9	-9	-9	-9	-9	-9	-9	-9	-9	-9	-9	-9	-9	HAEMATOPOIETIC_AND_LYMPHOID_TISSUE
MYLA_HAEMATOPOIETIC_AND_LYMPHOID_TISSUE..ACH.001134.	-9	-9	-9	-9	-9	-9	-9	-9	-9	-9	-9	-9	-9	-9	-9	-9	-9	-9	-9	-9	-9	-9	-9	-9	HAEMATOPOIETIC_AND_LYMPHOID_TISSUE
NB1643_AUTONOMIC_GANGLIA..ACH.001303.	-9	-9	-9	-9	-9	-9	-9	-9	-9	-9	-9	-9	-9	-9	-9	-9	-9	-9	-9	-9	-9	-9	-9	-9	AUTONOMIC_GANGLIA
NKL_HAEMATOPOIETIC_AND_LYMPHOID_TISSUE..ACH.001143.	-9	-9	-9	-9	-9	-9	-9	-9	-9	-9	-9	-9	-9	-9	-9	-9	-9	-9	-9	-9	-9	-9	-9	-9	HAEMATOPOIETIC_AND_LYMPHOID_TISSUE
NMB_AUTONOMIC_GANGLIA..ACH.001367.	-9	-9	-9	-9	-9	-9	-9	-9	-9	-9	-9	-9	-9	-9	-9	-9	-9	-9	-9	-9	-9	-9	-9	-9	AUTONOMIC_GANGLIA
NP5_CENTRAL_NERVOUS_SYSTEM..ACH.001610.	-9	-9	-9	-9	-9	-9	-9	-9	-9	-9	-9	-9	-9	-9	-9	-9	-9	-9	-9	-9	-9	-9	-9	-9	CENTRAL_NERVOUS_SYSTEM
NP8_CENTRAL_NERVOUS_SYSTEM..ACH.001611.	-9	-9	-9	-9	-9	-9	-9	-9	-9	-9	-9	-9	-9	-9	-9	-9	-9	-9	-9	-9	-9	-9	-9	-9	CENTRAL_NERVOUS_SYSTEM
OACM51_OESOPHAGUS..ACH.001368.	-9	-9	-9	-9	-9	-9	-9	-9	-9	-9	-9	-9	-9	-9	-9	-9	-9	-9	-9	-9	-9	-9	-9	-9	OESOPHAGUS
OC316_OVARY..ACH.001145.	3.4983	0.394	0.4455	0.4868	0.3731	3.2084	0	0.4652	0.3257	0.1259	0.3219	6.3818	3.9949	0.4013	0.2306	0.164	0.04508	0.1927	1.2236	0.1094	0.01591	0.5697	3.3175	1.3101	OVARY
OCIC5X_OVARY..ACH.001369.	-9	-9	-9	-9	-9	-9	-9	-9	-9	-9	-9	-9	-9	-9	-9	-9	-9	-9	-9	-9	-9	-9	-9	-9	OVARY
OCILY12_HAEMATOPOIETIC_AND_LYMPHOID_TISSUE..ACH.001147.	-9	-9	-9	-9	-9	-9	-9	-9	-9	-9	-9	-9	-9	-9	-9	-9	-9	-9	-9	-9	-9	-9	-9	-9	HAEMATOPOIETIC_AND_LYMPHOID_TISSUE
OCILY132_HAEMATOPOIETIC_AND_LYMPHOID_TISSUE..ACH.001148.	-9	-9	-9	-9	-9	-9	-9	-9	-9	-9	-9	-9	-9	-9	-9	-9	-9	-9	-9	-9	-9	-9	-9	-9	HAEMATOPOIETIC_AND_LYMPHOID_TISSUE
ONDA9_CENTRAL_NERVOUS_SYSTEM..ACH.001624.	-9	-9	-9	-9	-9	-9	-9	-9	-9	-9	-9	-9	-9	-9	-9	-9	-9	-9	-9	-9	-9	-9	-9	-9	CENTRAL_NERVOUS_SYSTEM
OV17R_OVARY..ACH.001373.	-9	-9	-9	-9	-9	-9	-9	-9	-9	-9	-9	-9	-9	-9	-9	-9	-9	-9	-9	-9	-9	-9	-9	-9	OVARY
PA1_OVARY..ACH.001374.	-9	-9	-9	-9	-9	-9	-9	-9	-9	-9	-9	-9	-9	-9	-9	-9	-9	-9	-9	-9	-9	-9	-9	-9	OVARY
PACADD119_PANCREAS..ACH.001375.	-9	-9	-9	-9	-9	-9	-9	-9	-9	-9	-9	-9	-9	-9	-9	-9	-9	-9	-9	-9	-9	-9	-9	-9	PANCREAS
PACADD135_PANCREAS..ACH.001376.	-9	-9	-9	-9	-9	-9	-9	-9	-9	-9	-9	-9	-9	-9	-9	-9	-9	-9	-9	-9	-9	-9	-9	-9	PANCREAS
PACADD137_PANCREAS..ACH.001377.	-9	-9	-9	-9	-9	-9	-9	-9	-9	-9	-9	-9	-9	-9	-9	-9	-9	-9	-9	-9	-9	-9	-9	-9	PANCREAS
PACADD159_PANCREAS..ACH.001378.	-9	-9	-9	-9	-9	-9	-9	-9	-9	-9	-9	-9	-9	-9	-9	-9	-9	-9	-9	-9	-9	-9	-9	-9	PANCREAS
PACADD161_PANCREAS..ACH.001379.	-9	-9	-9	-9	-9	-9	-9	-9	-9	-9	-9	-9	-9	-9	-9	-9	-9	-9	-9	-9	-9	-9	-9	-9	PANCREAS
PACADD165_PANCREAS..ACH.001380.	-9	-9	-9	-9	-9	-9	-9	-9	-9	-9	-9	-9	-9	-9	-9	-9	-9	-9	-9	-9	-9	-9	-9	-9	PANCREAS
PACADD188_PANCREAS..ACH.001382.	-9	-9	-9	-9	-9	-9	-9	-9	-9	-9	-9	-9	-9	-9	-9	-9	-9	-9	-9	-9	-9	-9	-9	-9	PANCREAS
PEDS005TPFAD_KIDNEY..ACH.001163.	-9	-9	-9	-9	-9	-9	-9	-9	-9	-9	-9	-9	-9	-9	-9	-9	-9	-9	-9	-9	-9	-9	-9	-9	KIDNEY
PEDS015T_SOFT_TISSUE..ACH.001164.	-9	-9	-9	-9	-9	-9	-9	-9	-9	-9	-9	-9	-9	-9	-9	-9	-9	-9	-9	-9	-9	-9	-9	-9	SOFT_TISSUE
CCLFPEDS0004T_SOFT_TISSUE..ACH.001425.	-9	-9	-9	-9	-9	-9	-9	-9	-9	-9	-9	-9	-9	-9	-9	-9	-9	-9	-9	-9	-9	-9	-9	-9	SOFT_TISSUE
CCLFPEDS0008T_SOFT_TISSUE..ACH.001433.	-9	-9	-9	-9	-9	-9	-9	-9	-9	-9	-9	-9	-9	-9	-9	-9	-9	-9	-9	-9	-9	-9	-9	-9	SOFT_TISSUE
R262_CENTRAL_NERVOUS_SYSTEM..ACH.001173.	-9	-9	-9	-9	-9	-9	-9	-9	-9	-9	-9	-9	-9	-9	-9	-9	-9	-9	-9	-9	-9	-9	-9	-9	CENTRAL_NERVOUS_SYSTEM
RC2_SOFT_TISSUE..ACH.001743.	-9	-9	-9	-9	-9	-9	-9	-9	-9	-9	-9	-9	-9	-9	-9	-9	-9	-9	-9	-9	-9	-9	-9	-9	SOFT_TISSUE
RH28_SOFT_TISSUE..ACH.001740.	-9	-9	-9	-9	-9	-9	-9	-9	-9	-9	-9	-9	-9	-9	-9	-9	-9	-9	-9	-9	-9	-9	-9	-9	SOFT_TISSUE
RH36_SOFT_TISSUE..ACH.001751.	-9	-9	-9	-9	-9	-9	-9	-9	-9	-9	-9	-9	-9	-9	-9	-9	-9	-9	-9	-9	-9	-9	-9	-9	SOFT_TISSUE
RH4_SOFT_TISSUE..ACH.001765.	-9	-9	-9	-9	-9	-9	-9	-9	-9	-9	-9	-9	-9	-9	-9	-9	-9	-9	-9	-9	-9	-9	-9	-9	SOFT_TISSUE
RHJT_SOFT_TISSUE..ACH.001745.	-9	-9	-9	-9	-9	-9	-9	-9	-9	-9	-9	-9	-9	-9	-9	-9	-9	-9	-9	-9	-9	-9	-9	-9	SOFT_TISSUE
RMS13_SOFT_TISSUE..ACH.001741.	-9	-9	-9	-9	-9	-9	-9	-9	-9	-9	-9	-9	-9	-9	-9	-9	-9	-9	-9	-9	-9	-9	-9	-9	SOFT_TISSUE
RT11284_URINARY_TRACT..ACH.001183.	-9	-9	-9	-9	-9	-9	-9	-9	-9	-9	-9	-9	-9	-9	-9	-9	-9	-9	-9	-9	-9	-9	-9	-9	URINARY_TRACT
SCCOHT1_OVARY..ACH.001279.	-9	-9	-9	-9	-9	-9	-9	-9	-9	-9	-9	-9	-9	-9	-9	-9	-9	-9	-9	-9	-9	-9	-9	-9	OVARY
SCLC22H_LUNG..ACH.001386.	-9	-9	-9	-9	-9	-9	-9	-9	-9	-9	-9	-9	-9	-9	-9	-9	-9	-9	-9	-9	-9	-9	-9	-9	LUNG
SCMCRM2_SOFT_TISSUE..ACH.001184.	-9	-9	-9	-9	-9	-9	-9	-9	-9	-9	-9	-9	-9	-9	-9	-9	-9	-9	-9	-9	-9	-9	-9	-9	SOFT_TISSUE
SCS214_SOFT_TISSUE..ACH.001280.	-9	-9	-9	-9	-9	-9	-9	-9	-9	-9	-9	-9	-9	-9	-9	-9	-9	-9	-9	-9	-9	-9	-9	-9	SOFT_TISSUE
SEKI_SKIN..ACH.001645.	-9	-9	-9	-9	-9	-9	-9	-9	-9	-9	-9	-9	-9	-9	-9	-9	-9	-9	-9	-9	-9	-9	-9	-9	SKIN
SKGT4_OESOPHAGUS..ACH.001654.	-9	-9	-9	-9	-9	-9	-9	-9	-9	-9	-9	-9	-9	-9	-9	-9	-9	-9	-9	-9	-9	-9	-9	-9	OESOPHAGUS
SMSCTR_SOFT_TISSUE..ACH.001196.	-9	-9	-9	-9	-9	-9	-9	-9	-9	-9	-9	-9	-9	-9	-9	-9	-9	-9	-9	-9	-9	-9	-9	-9	SOFT_TISSUE
SMZ1_HAEMATOPOIETIC_AND_LYMPHOID_TISSUE..ACH.001197.	-9	-9	-9	-9	-9	-9	-9	-9	-9	-9	-9	-9	-9	-9	-9	-9	-9	-9	-9	-9	-9	-9	-9	-9	HAEMATOPOIETIC_AND_LYMPHOID_TISSUE
SUM159PT_BREAST..ACH.001391.	-9	-9	-9	-9	-9	-9	-9	-9	-9	-9	-9	-9	-9	-9	-9	-9	-9	-9	-9	-9	-9	-9	-9	-9	BREAST
SW626_OVARY..ACH.001399.	-9	-9	-9	-9	-9	-9	-9	-9	-9	-9	-9	-9	-9	-9	-9	-9	-9	-9	-9	-9	-9	-9	-9	-9	OVARY
SW982_SOFT_TISSUE..ACH.001274.	-9	-9	-9	-9	-9	-9	-9	-9	-9	-9	-9	-9	-9	-9	-9	-9	-9	-9	-9	-9	-9	-9	-9	-9	SOFT_TISSUE
SYO1_SOFT_TISSUE..ACH.001275.	-9	-9	-9	-9	-9	-9	-9	-9	-9	-9	-9	-9	-9	-9	-9	-9	-9	-9	-9	-9	-9	-9	-9	-9	SOFT_TISSUE
TC106_BONE..ACH.001283.	-9	-9	-9	-9	-9	-9	-9	-9	-9	-9	-9	-9	-9	-9	-9	-9	-9	-9	-9	-9	-9	-9	-9	-9	BONE
TC138_BONE..ACH.001430.	-9	-9	-9	-9	-9	-9	-9	-9	-9	-9	-9	-9	-9	-9	-9	-9	-9	-9	-9	-9	-9	-9	-9	-9	BONE
TC205_BONE..ACH.001431.	-9	-9	-9	-9	-9	-9	-9	-9	-9	-9	-9	-9	-9	-9	-9	-9	-9	-9	-9	-9	-9	-9	-9	-9	BONE
TC32_BONE..ACH.001205.	-9	-9	-9	-9	-9	-9	-9	-9	-9	-9	-9	-9	-9	-9	-9	-9	-9	-9	-9	-9	-9	-9	-9	-9	BONE
TTC442_SOFT_TISSUE..ACH.001750.	-9	-9	-9	-9	-9	-9	-9	-9	-9	-9	-9	-9	-9	-9	-9	-9	-9	-9	-9	-9	-9	-9	-9	-9	SOFT_TISSUE
UMUC10_URINARY_TRACT..ACH.001412.	-9	-9	-9	-9	-9	-9	-9	-9	-9	-9	-9	-9	-9	-9	-9	-9	-9	-9	-9	-9	-9	-9	-9	-9	URINARY_TRACT
UMUC11_URINARY_TRACT..ACH.001413.	-9	-9	-9	-9	-9	-9	-9	-9	-9	-9	-9	-9	-9	-9	-9	-9	-9	-9	-9	-9	-9	-9	-9	-9	URINARY_TRACT
UMUC13_URINARY_TRACT..ACH.001407.	-9	-9	-9	-9	-9	-9	-9	-9	-9	-9	-9	-9	-9	-9	-9	-9	-9	-9	-9	-9	-9	-9	-9	-9	URINARY_TRACT
UMUC14_URINARY_TRACT..ACH.001408.	-9	-9	-9	-9	-9	-9	-9	-9	-9	-9	-9	-9	-9	-9	-9	-9	-9	-9	-9	-9	-9	-9	-9	-9	URINARY_TRACT
UMUC16_URINARY_TRACT..ACH.001409.	-9	-9	-9	-9	-9	-9	-9	-9	-9	-9	-9	-9	-9	-9	-9	-9	-9	-9	-9	-9	-9	-9	-9	-9	URINARY_TRACT
UMUC4_URINARY_TRACT..ACH.001410.	-9	-9	-9	-9	-9	-9	-9	-9	-9	-9	-9	-9	-9	-9	-9	-9	-9	-9	-9	-9	-9	-9	-9	-9	URINARY_TRACT
UMUC5_URINARY_TRACT..ACH.001411.	-9	-9	-9	-9	-9	-9	-9	-9	-9	-9	-9	-9	-9	-9	-9	-9	-9	-9	-9	-9	-9	-9	-9	-9	URINARY_TRACT
UMUC6_URINARY_TRACT..ACH.001414.	-9	-9	-9	-9	-9	-9	-9	-9	-9	-9	-9	-9	-9	-9	-9	-9	-9	-9	-9	-9	-9	-9	-9	-9	URINARY_TRACT
UMUC7_URINARY_TRACT..ACH.001415.	-9	-9	-9	-9	-9	-9	-9	-9	-9	-9	-9	-9	-9	-9	-9	-9	-9	-9	-9	-9	-9	-9	-9	-9	URINARY_TRACT
UMUC9_URINARY_TRACT..ACH.001416.	-9	-9	-9	-9	-9	-9	-9	-9	-9	-9	-9	-9	-9	-9	-9	-9	-9	-9	-9	-9	-9	-9	-9	-9	URINARY_TRACT
UPCISCC152_UPPER_AERODIGESTIVE_TRACT..ACH.001228.	-9	-9	-9	-9	-9	-9	-9	-9	-9	-9	-9	-9	-9	-9	-9	-9	-9	-9	-9	-9	-9	-9	-9	-9	UPPER_AERODIGESTIVE_TRACT
UW228_CENTRAL_NERVOUS_SYSTEM..ACH.001232.	-9	-9	-9	-9	-9	-9	-9	-9	-9	-9	-9	-9	-9	-9	-9	-9	-9	-9	-9	-9	-9	-9	-9	-9	CENTRAL_NERVOUS_SYSTEM
Y79_AUTONOMIC_GANGLIA..ACH.001295.	-9	-9	-9	-9	-9	-9	-9	-9	-9	-9	-9	-9	-9	-9	-9	-9	-9	-9	-9	-9	-9	-9	-9	-9	AUTONOMIC_GANGLIA
YAMATO_SOFT_TISSUE..ACH.001277.	-9	-9	-9	-9	-9	-9	-9	-9	-9	-9	-9	-9	-9	-9	-9	-9	-9	-9	-9	-9	-9	-9	-9	-9	SOFT_TISSUE
